query_id	query	rank	chunk_id	document_id	category	fused_score	chunk_text	grade_A	grade_B
Q1	A 21-year-old male presents to his primary care provider for fatigue. He reports that he graduated f	1	Clinical_practice_guidlines/CDC_Clinical_guidlines/CDC/PDFs/Tuberculosis/ss4602__c15	Clinical_practice_guidlines/CDC_Clinical_guidlines/CDC/PDFs/Tuberculosis/ss4602	guideline	0.017200	have caused fatigue (i.e., patients in Groups I and II and patients in Group III who did not have a medical exclusion). The crude period prevalence of chronic fatigue ranged from 12.9 per 100,000 popu		
Q1	A 21-year-old male presents to his primary care provider for fatigue. He reports that he graduated f	2	Clinical_practice_guidlines/CDC_Clinical_guidlines/CDC/PDFs/Tuberculosis/mm6914-H__c62	Clinical_practice_guidlines/CDC_Clinical_guidlines/CDC/PDFs/Tuberculosis/mm6914-H	guideline	0.016900	children aged 10–14 years (682; 27%). Among younger Morbidity and Mortality Weekly Report MMWR / April 10, 2020 / Vol. 69 / No. 14 423 US Department of Health and Human Services/Centers for Disease Co		
Q1	A 21-year-old male presents to his primary care provider for fatigue. He reports that he graduated f	3	Clinical_practice_guidlines/CDC_Clinical_guidlines/CDC/PDFs/Vaccines/appx16-4-rubella-wrsh-2019-508__c5	Clinical_practice_guidlines/CDC_Clinical_guidlines/CDC/PDFs/Vaccines/appx16-4-rubella-wrsh-2019-508	guideline	0.016400	year Date Report First Electronically Submitted __ __ __ __ __ __ __ __ month day year Date of Electronic Case Notification to CDC __ __ __ __ __ __ __ __ (mm/dd/yyyy) MMWR Week __ __ __ __ MMWR Year 		
Q1	A 21-year-old male presents to his primary care provider for fatigue. He reports that he graduated f	4	Clinical_practice_guidlines/CDC_Clinical_guidlines/CDC/PDFs/Tuberculosis/mm7018-H__c51	Clinical_practice_guidlines/CDC_Clinical_guidlines/CDC/PDFs/Tuberculosis/mm7018-H	guideline	0.015900	— United States, March 2–April 12, 2021 Event Percentage of enrollees reporting reaction or health impact Days 0–7* Day 0 Day 1 Day 2 Day 3 Day 4 Day 5 Day 6 Day 7 Total enrollees, no. (%) of enrollee		
Q1	A 21-year-old male presents to his primary care provider for fatigue. He reports that he graduated f	5	Clinical_practice_guidlines/CDC_Clinical_guidlines/CDC/PDFs/Tuberculosis/mm655051__c27	Clinical_practice_guidlines/CDC_Clinical_guidlines/CDC/PDFs/Tuberculosis/mm655051	guideline	0.015700	directly by patients and their families (7–9). When ME/CFS occurs in patients aged <25 years, these patients might not achieve their full educational potential, resulting in a life-long impact on thei		
Q1	A 21-year-old male presents to his primary care provider for fatigue. He reports that he graduated f	6	Clinical_practice_guidlines/CDC_Clinical_guidlines/CDC/PDFs/Tuberculosis/ss5005__c26	Clinical_practice_guidlines/CDC_Clinical_guidlines/CDC/PDFs/Tuberculosis/ss5005	guideline	0.015400	group of patients. The importance of taking proper precautions and chemoprophylaxis is indicated by the four deaths attributed to malaria in the United States in 1998. None of the patients had taken p		
Q1	A 21-year-old male presents to his primary care provider for fatigue. He reports that he graduated f	7	Clinical_practice_guidlines/CDC_Clinical_guidlines/CDC/PDFs/Tuberculosis/mm7417-H__c5	Clinical_practice_guidlines/CDC_Clinical_guidlines/CDC/PDFs/Tuberculosis/mm7417-H	guideline	0.015200	(%) Confirmed (n = 1) Probable (n = 8) Suspected (n = 3) Total (N = 12) Age group, yrs <10 0 (—) 0 (—) 1 (33) 1 (8) 11–17 0 (—) 3 (38) 2 (67) 5 (42) 18–39 0 (—) 0 (—) 0 (—) 0 (—) 41–64 1 (100) 5 (63) 		
Q1	A 21-year-old male presents to his primary care provider for fatigue. He reports that he graduated f	8	Clinical_practice_guidlines/CDC_Clinical_guidlines/CDC/PDFs/Tuberculosis/mm7318-H__c14	Clinical_practice_guidlines/CDC_Clinical_guidlines/CDC/PDFs/Tuberculosis/mm7318-H	guideline	0.015000	(row %) Total U.S. residents Newly arrived  refugees§ Other new  arrivals¶ New arrivals with unknown  immigration status** Total  68 15 (22) 2 (3) 49 (72) 2 (3) Surveillance and data collection Patien		
Q1	A 21-year-old male presents to his primary care provider for fatigue. He reports that he graduated f	9	Medical_books/MedQA/questions/US/US_qbank__c3363	Medical_books/MedQA/questions/US/US_qbank	textbook	0.014085	patient is not currently followed by a primary care doctor but states that he has never had any health problems. His temperature is 98.5°F (36.9°C), blood pressure is 133/91 mmHg, pulse is 95/min, res		
Q1	A 21-year-old male presents to his primary care provider for fatigue. He reports that he graduated f	10	Medical_books/MedQA/questions/US/train__c2955	Medical_books/MedQA/questions/US/train	textbook	0.013889	"question": "A 28-year-old male presents to his primary care physician with complaints of intermittent abdominal pain and alternating bouts of constipation and diarrhea. His medical chart is not signi		
Q2	A 56-year-old man with a history of hypertension presents to his physician with progressive fatigue	1	Medical_books/MedQA/questions/US/train__c714	Medical_books/MedQA/questions/US/train	textbook	0.016393	"answer_idx": "E" } { "question": "A 35-year-old man with a past medical history of HIV is hospitalized with a disseminated zoster infection and treated with IV acyclovir. His course of illness worsen		
Q2	A 56-year-old man with a history of hypertension presents to his physician with progressive fatigue	2	Medical_books/MedQA/questions/US/US_qbank__c4628	Medical_books/MedQA/questions/US/US_qbank	textbook	0.016129	Her family history is negative for GI disorders. Vital signs include a temperature of 38.0°C (100.4°F), blood pressure of 120/80 mm Hg, and pulse of 85/min. On physical examination, there is tendernes		
Q2	A 56-year-old man with a history of hypertension presents to his physician with progressive fatigue	3	Medical_books/MedQA/questions/US/test__c114	Medical_books/MedQA/questions/US/test	textbook	0.015873	"meta_info": "step1", "answer_idx": "B" } { "question": "A 48-year-old Caucasian female presents to her primary care physician for evaluation of progressive weakness and shortness of breath. She has h		
Q2	A 56-year-old man with a history of hypertension presents to his physician with progressive fatigue	4	Medical_books/MedQA/questions/US/metamap_extracted_phrases/train/phrases_train__c7444	Medical_books/MedQA/questions/US/metamap_extracted_phrases/train/phrases_train	textbook	0.015625	severe exacerbations of his symptoms over the last 3 years. He has been a smoker for the last 17 years. He has a family history of allergic disorders in his father and brother. He is a farmer by profe		
Q2	A 56-year-old man with a history of hypertension presents to his physician with progressive fatigue	5	Medical_books/MedQA/questions/US/4_options/phrases_no_exclude_dev__c113	Medical_books/MedQA/questions/US/4_options/phrases_no_exclude_dev	textbook	0.015152	history of persistent cough productive of white phlegm. He coughs consistently throughout the day, and he has not noticed any particular triggers that make it worse. He has also recently experienced s		
Q2	A 56-year-old man with a history of hypertension presents to his physician with progressive fatigue	6	Medical_books/MedQA/questions/US/4_options/phrases_no_exclude_train__c585	Medical_books/MedQA/questions/US/4_options/phrases_no_exclude_train	textbook	0.014925	department because of progressive fatigue and shortness of breath on exertion and while lying down. He has had type 2 diabetes mellitus for 25 years and hypertension for 15 years. He is taking metform		
Q2	A 56-year-old man with a history of hypertension presents to his physician with progressive fatigue	7	Clinical_practice_guidlines/CDC_Clinical_guidlines/CDC/PDFs/Tuberculosis/ss4602__c15	Clinical_practice_guidlines/CDC_Clinical_guidlines/CDC/PDFs/Tuberculosis/ss4602	guideline	0.014800	have caused fatigue (i.e., patients in Groups I and II and patients in Group III who did not have a medical exclusion). The crude period prevalence of chronic fatigue ranged from 12.9 per 100,000 popu		
Q2	A 56-year-old man with a history of hypertension presents to his physician with progressive fatigue	8	Research_papers/PubMed/Abstracts/Sepsis/PMID_40163133__abs	Research_papers/PubMed/Abstracts/Sepsis/PMID_40163133	research_paper	0.013115	OBJECTIVE: This European Society of Intensive Care Medicine (ESICM) guideline provides evidence-based recommendations on the volume of early resuscitation fluid for adult critically ill patients. METH		
Q2	A 56-year-old man with a history of hypertension presents to his physician with progressive fatigue	9	Research_papers/PubMed/Abstracts/Sepsis/PMID_39264197__abs	Research_papers/PubMed/Abstracts/Sepsis/PMID_39264197	research_paper	0.012500	Sepsis remains a leading cause of neonatal mortality, particularly in low- and lower-middle-income countries (LLMIC). In the context of rising antimicrobial resistance, the etiology of neonatal sepsis		
Q2	A 56-year-old man with a history of hypertension presents to his physician with progressive fatigue	10	Research_papers/PubMed/Abstracts/Sepsis/PMID_37450490__abs	Research_papers/PubMed/Abstracts/Sepsis/PMID_37450490	research_paper	0.012121	BACKGROUND: We compared Systemic Inflammatory Response Syndrome (SIRS), Sequential Organ Failure Assessment (SOFA), Quick Sepsis-related Organ Failure Assessment (qSOFA), and National Early Warning Sc		
Q3	A 47-year-old woman seeks evaluation at your office because she has had postcoital vaginal bleeding	1	Clinical_practice_guidlines/CDC_Clinical_guidlines/CDC/PDFs/Tuberculosis/ss5713__c30	Clinical_practice_guidlines/CDC_Clinical_guidlines/CDC/PDFs/Tuberculosis/ss5713	guideline	0.017200	Characteristics of women who obtained legal abortions — United States, 1973–2005 Characteristics 1973 1974 1975 1976 1977 1978 1979 1980 1981 1982 1983 Reported no. of legal  abortions* 615,831 763,47		
Q3	A 47-year-old woman seeks evaluation at your office because she has had postcoital vaginal bleeding	2	Clinical_practice_guidlines/CDC_Clinical_guidlines/CDC/PDFs/Tuberculosis/nvsr73-02__c7	Clinical_practice_guidlines/CDC_Clinical_guidlines/CDC/PDFs/Tuberculosis/nvsr73-02	guideline	0.016900	55.3 births per 1,000 women in 2022, up 3% from 2021 (53.7) (Table 2). The number 4 National Vital Statistics Reports, Vol. 73, No. 2, April 4, 2024 of births to women ages 35–39 rose 2% in 2022 (see 		
Q3	A 47-year-old woman seeks evaluation at your office because she has had postcoital vaginal bleeding	3	Clinical_practice_guidlines/CDC_Clinical_guidlines/CDC/PDFs/Tuberculosis/ss4402__c35	Clinical_practice_guidlines/CDC_Clinical_guidlines/CDC/PDFs/Tuberculosis/ss4402	guideline	0.016700	Characteristics of women who obtained legal abortions — United States, selected years, 1972–1991 Characteristic 1972 1973 1976 1980 1985 1986 1987 1988 1989 1990 1991 Reported no. of legal abortions 5		
Q3	A 47-year-old woman seeks evaluation at your office because she has had postcoital vaginal bleeding	4	Clinical_practice_guidlines/CDC_Clinical_guidlines/CDC/PDFs/Tuberculosis/nvsr74-3__c3	Clinical_practice_guidlines/CDC_Clinical_guidlines/CDC/PDFs/Tuberculosis/nvsr74-3	guideline	0.016400	of births increased for women age 30 and older. Women ages 30–34 had 211,989 more births in 2023 than those in 1990, a 24% increase. Women ages 35–39 had 287,048 more births in 2023 than in 1990, a 90		
Q3	A 47-year-old woman seeks evaluation at your office because she has had postcoital vaginal bleeding	5	Clinical_practice_guidlines/CDC_Clinical_guidlines/CDC/PDFs/Tuberculosis/ss5309__c30	Clinical_practice_guidlines/CDC_Clinical_guidlines/CDC/PDFs/Tuberculosis/ss5309	guideline	0.015700	Characteristics of women who obtained legal abortions — United States, 1973–2001 Characteristic 1973 1974 1975 1976 1977 1978 1979 1980 1981 1982 1983 Reported no. of legal abortions* 615,831 763,476 		
Q3	A 47-year-old woman seeks evaluation at your office because she has had postcoital vaginal bleeding	6	Clinical_practice_guidlines/CDC_Clinical_guidlines/CDC/PDFs/Tuberculosis/ss5609__c36	Clinical_practice_guidlines/CDC_Clinical_guidlines/CDC/PDFs/Tuberculosis/ss5609	guideline	0.015400	Central of legal health Hospitals/ Year abortions Ratio* Rate† agency§ Facilities¶ All reporting areas 1970 193,491 52 5 8 7 1971 485,816 137 11 19 7 1972 586,760 180 13 21 8 1973 615,831 196 14 26 26		
Q3	A 47-year-old woman seeks evaluation at your office because she has had postcoital vaginal bleeding	7	Drug_database/meddra_freq__row40390	Drug_database/meddra_freq	drug	0.015385	C0000737: C2979982; 21%: rare; 0.21: 0.0; 0.21.1: 0.001; LLT: PT; C0000737.1: C2979982; Abdominal pain: Vaginal haemorrhage.		
Q3	A 47-year-old woman seeks evaluation at your office because she has had postcoital vaginal bleeding	8	Clinical_practice_guidlines/CDC_Clinical_guidlines/CDC/PDFs/Tuberculosis/nvsr70-17__c116	Clinical_practice_guidlines/CDC_Clinical_guidlines/CDC/PDFs/Tuberculosis/nvsr70-17	guideline	0.015200	. . 560,715 358,467 12,457 201,991 117,054 50,217 257 36.0 25.3 30.4 12.8 2016 . . . . . . . . . . . . . . . 558,622 357,859 11,763 200,460 117,410 50,287 303 35.9 25.4 30.3 12.4 Hispanic10 2020. . . 		
Q3	A 47-year-old woman seeks evaluation at your office because she has had postcoital vaginal bleeding	9	Clinical_practice_guidlines/CDC_Clinical_guidlines/CDC/PDFs/Tuberculosis/ss4702__c58	Clinical_practice_guidlines/CDC_Clinical_guidlines/CDC/PDFs/Tuberculosis/ss4702	guideline	0.015000	Characteristics of women who obtained legal abortions — United States, selected years, 1972–1995 Characteristic 1972 1973 1976 1980 1985 1990 1991 1992 1993 1994 1995 Reported no. of legal abortions 5		
Q3	A 47-year-old woman seeks evaluation at your office because she has had postcoital vaginal bleeding	10	Clinical_practice_guidlines/CDC_Clinical_guidlines/CDC/PDFs/Tuberculosis/vsrr020__c5	Clinical_practice_guidlines/CDC_Clinical_guidlines/CDC/PDFs/Tuberculosis/vsrr020	guideline	0.014800	females aged 10–14 was 0.2 births per 1,000 in 2021, unchanged since 2015. ■The provisional birth rate for women aged 20–24 in 2021 was 61.5 births per 1,000 women, down 2% from 2020 (63.0), yet anoth		
Q4	A 36-year-old man undergoes open reduction and internal fixation of a left femur fracture sustained	1	Clinical_practice_guidlines/CDC_Clinical_guidlines/CDC/PDFs/Tuberculosis/mm5951__c5	Clinical_practice_guidlines/CDC_Clinical_guidlines/CDC/PDFs/Tuberculosis/mm5951	guideline	0.185800	(%) Total no. of patients with injury diagnoses   162  (27.9)   419  (72.1)   581  (100) Sex  Male   74  (45.7)   259  (61.8)   333  (57.3) Female   85  (52.5)   151  (36.0)   236  (40.6) Unknown   3 		
Q4	A 36-year-old man undergoes open reduction and internal fixation of a left femur fracture sustained	2	Clinical_practice_guidlines/CDC_Clinical_guidlines/CDC/PDFs/Tuberculosis/ss5307__c43	Clinical_practice_guidlines/CDC_Clinical_guidlines/CDC/PDFs/Tuberculosis/ss5307	guideline	0.016900	(Continued) Number and percentage of fatal and nonfatal injuries, by intent, mechanism, and sex — United States, 2001 Total Male Female Case Case Case Fatal Nonfatal* fatality Fatal Nonfatal* fatality		
Q4	A 36-year-old man undergoes open reduction and internal fixation of a left femur fracture sustained	3	Clinical_practice_guidlines/CDC_Clinical_guidlines/CDC/PDFs/Tuberculosis/mm6601__c9	Clinical_practice_guidlines/CDC_Clinical_guidlines/CDC/PDFs/Tuberculosis/mm6601	guideline	0.016400	Deaths from injuries of all intents and unintentional injuries, rates per 100,000 population, lifetime medical and work-loss costs, and  lifetime medical and work-loss costs per capita, by state — Uni		
Q4	A 36-year-old man undergoes open reduction and internal fixation of a left femur fracture sustained	4	Clinical_practice_guidlines/CDC_Clinical_guidlines/CDC/PDFs/Tuberculosis/mm5616__c15	Clinical_practice_guidlines/CDC_Clinical_guidlines/CDC/PDFs/Tuberculosis/mm5616	guideline	0.016200	(95% CI) Characteristic  (1,000s) (1,000s) (%) (1,000s) (1,000s) (%) (1,000s) (1,000s) (%) Total† 2,347 (+583) (100) 1,071 (+261) (100) 3,418 (+835) (100) Age group (yrs) <14 3 (+2) (<1) —§ — — 4 (+2)		
Q4	A 36-year-old man undergoes open reduction and internal fixation of a left femur fracture sustained	5	Clinical_practice_guidlines/CDC_Clinical_guidlines/CDC/PDFs/Tuberculosis/ad291__c30	Clinical_practice_guidlines/CDC_Clinical_guidlines/CDC/PDFs/Tuberculosis/ad291	guideline	0.015900	. . . . . . . . . . 780–799 2.9 2.6 3.2 2.5 2.1 2.9 4.9 Injury and poisoning . . . . . . . . . . . . . . . . . . . . . . . . . . . . . . . . . 800–999 5.6 5.4 5.9 4.0 4.6 5.5 7.1 Fractures, all sites.		
Q4	A 36-year-old man undergoes open reduction and internal fixation of a left femur fracture sustained	6	Medical_books/MedQA/textbooks/en/Pediatrics_Nelson__c1274	Medical_books/MedQA/textbooks/en/Pediatrics_Nelson	textbook	0.015873	fixation if they have one of the following fractures:Displaced epiphyseal fracturesDisplaced intra-articular fracturesFractures in a child with multiple injuriesOpen fracturesUnstable fractures The go		
Q4	A 36-year-old man undergoes open reduction and internal fixation of a left femur fracture sustained	7	Clinical_practice_guidlines/CDC_Clinical_guidlines/CDC/PDFs/Tuberculosis/ad385__c39	Clinical_practice_guidlines/CDC_Clinical_guidlines/CDC/PDFs/Tuberculosis/ad385	guideline	0.015200	. . . . . . . . . . . . . . . . . . . . . 740–759 6.8 0.7 7.5 0.8 3.6 0.4 * * 5.4 1.5 Certain conditions originating in the perinatal period . . . . . . . . . . . . . . 760–779  10.5  1.1  10.5  1.1  		
Q4	A 36-year-old man undergoes open reduction and internal fixation of a left femur fracture sustained	8	Drug_database/meddra_freq__row55495	Drug_database/meddra_freq	drug	0.013889	C0000737: C0016658; 21%: rare; 0.21: 0.0; 0.21.1: 0.001; LLT: PT; C0000737.1: C0016658; Abdominal pain: Fracture.		
Q4	A 36-year-old man undergoes open reduction and internal fixation of a left femur fracture sustained	9	Medical_books/OpenStax/AnatomyandPhysiology-OP__c402	Medical_books/OpenStax/AnatomyandPhysiology-OP	textbook	0.013514	the hand, thus improving the firmness of the grip. 318 Chapter 8 | The Appendicular Skeleton This OpenStax book is available for free at http://cnx.org/content/col11496/1.8 Phalanx Bones The fingers a		
Q4	A 36-year-old man undergoes open reduction and internal fixation of a left femur fracture sustained	10	Research_papers/PubMed/Abstracts/Sepsis/PMID_40163133__abs	Research_papers/PubMed/Abstracts/Sepsis/PMID_40163133	research_paper	0.013115	OBJECTIVE: This European Society of Intensive Care Medicine (ESICM) guideline provides evidence-based recommendations on the volume of early resuscitation fluid for adult critically ill patients. METH		
Q5	A 59-year-old man is brought to the emergency department with a history of black, tarry stools but d	1	Clinical_practice_guidlines/CDC_Clinical_guidlines/CDC/PDFs/Tuberculosis/ad323__c47	Clinical_practice_guidlines/CDC_Clinical_guidlines/CDC/PDFs/Tuberculosis/ad323	guideline	0.017200	. . . . . . . . . . . . . . . . . . . . . . . . . . . . . . 6,841 2,386 2,033 1,282 Under 18 years of age . . . . . . . . . . . . . . . . . . . 817 . . . . . . . . . 18–19 years of age . . . . . . . .		
Q5	A 59-year-old man is brought to the emergency department with a history of black, tarry stools but d	2	Clinical_practice_guidlines/CDC_Clinical_guidlines/CDC/PDFs/Tuberculosis/ad092acc__c23	Clinical_practice_guidlines/CDC_Clinical_guidlines/CDC/PDFs/Tuberculosis/ad092acc	guideline	0.016900	. . . . . . . . . . . . . . . . . . . . 45-54 years . . . . . . . . . . . . . . . . . . . . . . . . . . . . . . . . . . . 55–64  years . . . . . . . . . . . . . . . . . . . . .  . . . . . . . . . . . 		
Q5	A 59-year-old man is brought to the emergency department with a history of black, tarry stools but d	3	Clinical_practice_guidlines/CDC_Clinical_guidlines/CDC/PDFs/Tuberculosis/ad140__c11	Clinical_practice_guidlines/CDC_Clinical_guidlines/CDC/PDFs/Tuberculosis/ad140	guideline	0.016700	. . . . . . . . . . . . . . . . . . . Under 5 years . . . . . . . . . . . . . . . . . . . . . . . . . . . . . . . 5-14  years . . . . . . . . . . . . . . . . . . . . . . . . . . . . . . . . . 15–44  y		
Q5	A 59-year-old man is brought to the emergency department with a history of black, tarry stools but d	4	Clinical_practice_guidlines/CDC_Clinical_guidlines/CDC/PDFs/Tuberculosis/ad372__c28	Clinical_practice_guidlines/CDC_Clinical_guidlines/CDC/PDFs/Tuberculosis/ad372	guideline	0.016400	. . . . . . . . . . 15–24 years . . . . . . . . . . . . . . . . . . . . . . . . . . . . . . . . . . . . . . . . . . . 25–44 years . . . . . . . . . . . . . . . . . . . . . . . . . . . . . . . . . . . 		
Q5	A 59-year-old man is brought to the emergency department with a history of black, tarry stools but d	5	Clinical_practice_guidlines/CDC_Clinical_guidlines/CDC/PDFs/Tuberculosis/2023-Physicians-mcod-handbook__c6	Clinical_practice_guidlines/CDC_Clinical_guidlines/CDC/PDFs/Tuberculosis/2023-Physicians-mcod-handbook	guideline	0.015700	. . . . . . . . . . . . . . . . . . . . . . . . . . . . . . . . . . . . . . . . . . . . . . . . . . . . . . 19 Case history #5  . . . . . . . . . . . . . . . . . . . . . . . . . . . . . . . . . . . . 		
Q5	A 59-year-old man is brought to the emergency department with a history of black, tarry stools but d	6	Clinical_practice_guidlines/CDC_Clinical_guidlines/CDC/PDFs/Tuberculosis/ad320__c79	Clinical_practice_guidlines/CDC_Clinical_guidlines/CDC/PDFs/Tuberculosis/ad320	guideline	0.015400	. . . . . . . . . . . . 193.9 8.4 17.2 1.7 65 years and over . . . . . . . . . . . . . . . . . . . . . . . . . . . . . . . . . . 196.7 9.4 19.7 1.8 Male . . . . . . . . . . . . . . . . . . . . . . . .		
Q5	A 59-year-old man is brought to the emergency department with a history of black, tarry stools but d	7	Clinical_practice_guidlines/CDC_Clinical_guidlines/CDC/PDFs/Tuberculosis/ad322__c69	Clinical_practice_guidlines/CDC_Clinical_guidlines/CDC/PDFs/Tuberculosis/ad322	guideline	0.015200	. . . . . . . . . . . . . . . . . . 164.7 10.8 15.0 1.1 65–74 years . . . . . . . . . . . . . . . . . . . . . . . . . . . . . . . 194.8  15.3  21.6  1.5  75 years and over . . . . . . . . . . . . . . 		
Q5	A 59-year-old man is brought to the emergency department with a history of black, tarry stools but d	8	Clinical_practice_guidlines/CDC_Clinical_guidlines/CDC/PDFs/Tuberculosis/ad304__c21	Clinical_practice_guidlines/CDC_Clinical_guidlines/CDC/PDFs/Tuberculosis/ad304	guideline	0.015000	and older. . . . . 3,091 15.5 22.1 2,555 8.4 18.2 Sex and age Female . . . . . . . . . . . . 10,510 52.7 7.7 16,245 53.4 11.9 Under 15 years . . . . . 1,436 7.2 4.9 3,109 10.2 10.7 15–24 years . . . .		
Q5	A 59-year-old man is brought to the emergency department with a history of black, tarry stools but d	9	Lab_rev_data/Consolidated_Lab_Critical_Values_Dataset_CLEANED__row1932	Lab_rev_data/Consolidated_Lab_Critical_Values_Dataset_CLEANED	lab_reference	0.014085	Vitamin C (Plasma) (Chemistry, Venous Blood): normal range 26.1–84.6 umol/L; for 0 Years - 115 Years, Female. Panel: Vitamin C; effective 01/01/2015		
Q5	A 59-year-old man is brought to the emergency department with a history of black, tarry stools but d	10	Research_papers/PMC/PDFs/PMC11786524/article__c11	Research_papers/PMC/PDFs/PMC11786524/article	research_paper	0.013699	56% of all ICHs occur in people below 70 years of age. Men (all ages) 1,921,000 49 (43 to 54) 49 (43 to 54) Each year, about 56% of all ICHs occur in men. Women (all ages) 1,524,000 39 (34 to 43) 34		
Q6	A 30-year-old man presents to his primary care physician with complaints of excessive fatigue and we	1	Clinical_practice_guidlines/CDC_Clinical_guidlines/CDC/PDFs/Tuberculosis/ss4602__c15	Clinical_practice_guidlines/CDC_Clinical_guidlines/CDC/PDFs/Tuberculosis/ss4602	guideline	0.017200	have caused fatigue (i.e., patients in Groups I and II and patients in Group III who did not have a medical exclusion). The crude period prevalence of chronic fatigue ranged from 12.9 per 100,000 popu		
Q6	A 30-year-old man presents to his primary care physician with complaints of excessive fatigue and we	2	Clinical_practice_guidlines/CDC_Clinical_guidlines/CDC/JSON/HIV/mmwr__preview__mmwrhtml__00023199.htm__c5	Clinical_practice_guidlines/CDC_Clinical_guidlines/CDC/JSON/HIV/mmwr__preview__mmwrhtml__00023199.htm	guideline	0.015900	** Physicians who were not practicing in one of the primary-care specialties, were practicing out of the country, retired, or deceased were deemed ineligible. Table_1 Note: To print large tables and g		
Q6	A 30-year-old man presents to his primary care physician with complaints of excessive fatigue and we	3	Medical_books/MedQA/questions/US/US_qbank__c3363	Medical_books/MedQA/questions/US/US_qbank	textbook	0.015873	patient is not currently followed by a primary care doctor but states that he has never had any health problems. His temperature is 98.5°F (36.9°C), blood pressure is 133/91 mmHg, pulse is 95/min, res		
Q6	A 30-year-old man presents to his primary care physician with complaints of excessive fatigue and we	4	Medical_books/MedQA/questions/US/train__c1447	Medical_books/MedQA/questions/US/train	textbook	0.015625	for another patient with the same last name. The error is not discovered until the next day, at which time it is clear that the patient has suffered no ill effects of the medication and is not aware t		
Q6	A 30-year-old man presents to his primary care physician with complaints of excessive fatigue and we	5	Clinical_practice_guidlines/CDC_Clinical_guidlines/CDC/PDFs/Tuberculosis/mm655051__c27	Clinical_practice_guidlines/CDC_Clinical_guidlines/CDC/PDFs/Tuberculosis/mm655051	guideline	0.015400	directly by patients and their families (7–9). When ME/CFS occurs in patients aged <25 years, these patients might not achieve their full educational potential, resulting in a life-long impact on thei		
Q6	A 30-year-old man presents to his primary care physician with complaints of excessive fatigue and we	6	Medical_books/MedQA/questions/US/test__c114	Medical_books/MedQA/questions/US/test	textbook	0.015385	"meta_info": "step1", "answer_idx": "B" } { "question": "A 48-year-old Caucasian female presents to her primary care physician for evaluation of progressive weakness and shortness of breath. She has h		
Q6	A 30-year-old man presents to his primary care physician with complaints of excessive fatigue and we	7	Medical_books/MedQA/questions/US/metamap_extracted_phrases/train/phrases_train__c6683	Medical_books/MedQA/questions/US/metamap_extracted_phrases/train/phrases_train	textbook	0.014925	{ "question": "A 67-year-old male presents to his primary care physician complaining of increased fatigue over the last year. He also says that his friends say he appears to be more pale. His past med		
Q6	A 30-year-old man presents to his primary care physician with complaints of excessive fatigue and we	8	Clinical_practice_guidlines/CDC_Clinical_guidlines/CDC/PDFs/Vaccines/appx16-4-rubella-wrsh-2019-508__c5	Clinical_practice_guidlines/CDC_Clinical_guidlines/CDC/PDFs/Vaccines/appx16-4-rubella-wrsh-2019-508	guideline	0.014000	year Date Report First Electronically Submitted __ __ __ __ __ __ __ __ month day year Date of Electronic Case Notification to CDC __ __ __ __ __ __ __ __ (mm/dd/yyyy) MMWR Week __ __ __ __ MMWR Year 		
Q6	A 30-year-old man presents to his primary care physician with complaints of excessive fatigue and we	9	Medical_books/MedQA/questions/US/4_options/phrases_no_exclude_train__c4327	Medical_books/MedQA/questions/US/4_options/phrases_no_exclude_train	textbook	0.013889	than usual recently, little interest in seeing friends, and difficulty concentrating on her work. She admits to feeling that she would be “better off dead.” The patient feels strongly that the worseni		
Q6	A 30-year-old man presents to his primary care physician with complaints of excessive fatigue and we	10	Clinical_practice_guidlines/CDC_Clinical_guidlines/CDC/PDFs/Tuberculosis/mm6732-H__c23	Clinical_practice_guidlines/CDC_Clinical_guidlines/CDC/PDFs/Tuberculosis/mm6732-H	guideline	0.013800	(9.8–12.6) 11.6 (10.5–12.9) 13.0 (12.3–13.7) Usual health care provider Yes 43,142 84.9 (83.1–86.4) 82.3 (80.4–84.1) 85.3 (84.1–86.4) 88.3 (87.5–89.1) 89.0 (87.6–90.2) 89.0 (87.9–90.0) 85.8 (85.1–86.5		
Q7	A 58-year-old white man with hypertension and type 2 diabetes mellitus comes to the physic	1	Clinical_practice_guidlines/CDC_Clinical_guidlines/CDC/PDFs/Vaccines/ss4202__c13	Clinical_practice_guidlines/CDC_Clinical_guidlines/CDC/PDFs/Vaccines/ss4202	guideline	0.017200	1987 1988 0 5 10 15 20 25 30 35 Year Rate Black Females Black Males White Males White Females *Per 100,000 persons. FIGURE 2. Age-standardized mortality* for diabetes as underlying cause of death, by 		
Q7	A 58-year-old white man with hypertension and type 2 diabetes mellitus comes to the physic	2	Clinical_practice_guidlines/CDC_Clinical_guidlines/CDC/PDFs/Tuberculosis/mm5235__c4	Clinical_practice_guidlines/CDC_Clinical_guidlines/CDC/PDFs/Tuberculosis/mm5235	guideline	0.016700	(%) (95% CI) (%) (95% CI) Previously diagnosed diabetes Age group (yrs)  20–39 7,375 (1.1) (0.8–1.4) (1.1) (0.7–1.4) 1,694 (1.4) (0.8–2.0) (1.4) (0.6–2.2) 40–59 4,851 (5.5) (4.8–6.2) (5.5) (4.3–6.7) 1		
Q7	A 58-year-old white man with hypertension and type 2 diabetes mellitus comes to the physic	3	Clinical_practice_guidlines/CDC_Clinical_guidlines/CDC/PDFs/Tuberculosis/mm6218__c20	Clinical_practice_guidlines/CDC_Clinical_guidlines/CDC/PDFs/Tuberculosis/mm6218	guideline	0.016400	(Continued) Prevalence of selected characteristics among adults aged ≥18 years with uncontrolled hypertension,* by stage of  hypertension† — National Health and Nutrition Examination Survey, United St		
Q7	A 58-year-old white man with hypertension and type 2 diabetes mellitus comes to the physic	4	Clinical_practice_guidlines/CDC_Clinical_guidlines/CDC/PDFs/Vaccines/mm5107__c16	Clinical_practice_guidlines/CDC_Clinical_guidlines/CDC/PDFs/Vaccines/mm5107	guideline	0.015900	(47.8% [95% CI=44.4%– 51.1%]) and those aged <44 years (41.3% [95% CI=35.4%–47.2%]) and lowest (33% [95% CI=29.5%– 36.6%) for women aged 45–64 years (Table 2). In each age group, percentages were lowe		
Q7	A 58-year-old white man with hypertension and type 2 diabetes mellitus comes to the physic	5	Clinical_practice_guidlines/CDC_Clinical_guidlines/CDC/PDFs/Tuberculosis/mm6309__c17	Clinical_practice_guidlines/CDC_Clinical_guidlines/CDC/PDFs/Tuberculosis/mm6309	guideline	0.015400	Panam Salud Pública 2013;33:398–406. 5. Burrows NR, Li Y, Geiss LS. Incidence of treatment for end-stage renal disease among individuals with diabetes in the U.S. continues to decline. Diabetes Care 2		
Q7	A 58-year-old white man with hypertension and type 2 diabetes mellitus comes to the physic	6	Clinical_practice_guidlines/CDC_Clinical_guidlines/CDC/PDFs/Tuberculosis/ad361__c102	Clinical_practice_guidlines/CDC_Clinical_guidlines/CDC/PDFs/Tuberculosis/ad361	guideline	0.015200	. . . . . . . . . . . . . . . . 297 30.2 0.52 19.5 21.1 22.1 23.9 28.7 34.6 38.4 42.4 46.7 40–59 years . . . . . . . . . . . . . . . . . . . . . . . . . . 289  32.1  0.48  21.3  23.2  24.1  26.1  30.0		
Q7	A 58-year-old white man with hypertension and type 2 diabetes mellitus comes to the physic	7	Research_papers/PMC/XML/PMC10800050/article__c8	Research_papers/PMC/XML/PMC10800050/article	research_paper	0.014925	2 P P Table 2 Baseline characteristics of the study participants with and without HTN by sex Male ( = 4354) Female ( = 5134) N 1742 (40.01) 2612 (59.99) 2162 (42.11) 2972 (57.89) Age (years) 0.000 0.0		
Q7	A 58-year-old white man with hypertension and type 2 diabetes mellitus comes to the physic	8	Clinical_practice_guidlines/CDC_Clinical_guidlines/CDC/PDFs/Tuberculosis/ss6303__c114	Clinical_practice_guidlines/CDC_Clinical_guidlines/CDC/PDFs/Tuberculosis/ss6303	guideline	0.014800	Estimated prevalence of women aged 18–44 years having a live birth who before their most recent pregnancy had ever been told  by a health-care provider that they had type I or type II diabetes, overal		
Q7	A 58-year-old white man with hypertension and type 2 diabetes mellitus comes to the physic	9	Research_papers/PMC/PDFs/PMC11805688/article__c9	Research_papers/PMC/PDFs/PMC11805688/article	research_paper	0.013889	Mean age, years ( SD)  64.4 ( 9.5)  64.8 ( 9.6)  64.9 ( 9.4)  Sex ( %)  Male  1584 ( 73.2)  4770 ( 70.1)  2703 ( 67.3)  Female  579 ( 26.8)  2035 ( 29.9)  1315 ( 32.7)  Race ( %)  White  1379 ( 63.8) 		
Q7	A 58-year-old white man with hypertension and type 2 diabetes mellitus comes to the physic	10	Research_papers/PubMed/Abstracts/Diabetes_Mellitus_Type_1/PMID_39493778__abs	Research_papers/PubMed/Abstracts/Diabetes_Mellitus_Type_1/PMID_39493778	research_paper	0.013115	Diabetes mellitus (DM) has emerged as an international health epidemic due to its rapid rise in prevalence. Consequently, scientists and or researchers will continue to find novel, safe, effective, an		
Q8	A 46-year-old woman comes to the physician because of severe muscle and joint pain for 5 months. The	1	Medical_books/MedQA/questions/US/US_qbank__c5082	Medical_books/MedQA/questions/US/US_qbank	textbook	0.016393	rest. He is obese, has a history of type 2 diabetes mellitus, and has smoked 15-20 cigarettes a day for the past 25 years. His father died from a myocardial infarction at 52 years of age. Vital signs 		
Q8	A 46-year-old woman comes to the physician because of severe muscle and joint pain for 5 months. The	2	Medical_books/MedQA/questions/US/4_options/phrases_no_exclude_train__c7059	Medical_books/MedQA/questions/US/4_options/phrases_no_exclude_train	textbook	0.016129	"min", "Knee extension", "hips flexed", "significant resistance", "pain", "lumbar puncture", "performed", "following results", "Opening pressure", "Normal Fluid", "Clear", "Increased lymphocytes Prote		
Q8	A 46-year-old woman comes to the physician because of severe muscle and joint pain for 5 months. The	3	Medical_books/MedQA/questions/US/train__c1862	Medical_books/MedQA/questions/US/train	textbook	0.015625	} { "question": "A 42-year-old woman comes to the emergency department with gradually worsening pain in the abdomen and right flank. The abdominal pain started one week ago and is accompanied by foul-		
Q8	A 46-year-old woman comes to the physician because of severe muscle and joint pain for 5 months. The	4	Clinical_practice_guidlines/CDC_Clinical_guidlines/CDC/PDFs/Tuberculosis/ad302__c71	Clinical_practice_guidlines/CDC_Clinical_guidlines/CDC/PDFs/Tuberculosis/ad302	guideline	0.014800	according to the International Classiﬁcation of Diseases, 9th Revision, Clinical Modiﬁcation (ICD–9–CM) (14). A complete list of the ICD–9–CM codes used to formulate these groupings is shown in the Te		
Q8	A 46-year-old woman comes to the physician because of severe muscle and joint pain for 5 months. The	5	Clinical_practice_guidlines/CDC_Clinical_guidlines/CDC/PDFs/Tuberculosis/mm5335__c7	Clinical_practice_guidlines/CDC_Clinical_guidlines/CDC/PDFs/Tuberculosis/mm5335	guideline	0.014600	New York City, July 16–December 31, 2002 Incidence Incidence Previous Worsened (new onset) (new onset) and history (prevalence while working or while working or persistent to in year before volunteeri		
Q8	A 46-year-old woman comes to the physician because of severe muscle and joint pain for 5 months. The	6	Research_papers/PubMed/Abstracts/Sepsis/PMID_40163133__abs	Research_papers/PubMed/Abstracts/Sepsis/PMID_40163133	research_paper	0.013115	OBJECTIVE: This European Society of Intensive Care Medicine (ESICM) guideline provides evidence-based recommendations on the volume of early resuscitation fluid for adult critically ill patients. METH		
Q8	A 46-year-old woman comes to the physician because of severe muscle and joint pain for 5 months. The	7	Research_papers/PubMed/Abstracts/Sepsis/PMID_39264197__abs	Research_papers/PubMed/Abstracts/Sepsis/PMID_39264197	research_paper	0.012500	Sepsis remains a leading cause of neonatal mortality, particularly in low- and lower-middle-income countries (LLMIC). In the context of rising antimicrobial resistance, the etiology of neonatal sepsis		
Q8	A 46-year-old woman comes to the physician because of severe muscle and joint pain for 5 months. The	8	Research_papers/PubMed/Abstracts/Sepsis/PMID_37450490__abs	Research_papers/PubMed/Abstracts/Sepsis/PMID_37450490	research_paper	0.012121	BACKGROUND: We compared Systemic Inflammatory Response Syndrome (SIRS), Sequential Organ Failure Assessment (SOFA), Quick Sepsis-related Organ Failure Assessment (qSOFA), and National Early Warning Sc		
Q9	A 40-year-old businessman who was previously well is brought into the emergency department by his as	1	Clinical_practice_guidlines/CDC_Clinical_guidlines/CDC/PDFs/Tuberculosis/ad304__c22	Clinical_practice_guidlines/CDC_Clinical_guidlines/CDC/PDFs/Tuberculosis/ad304	guideline	0.017200	10.1 75 years and older . . . 2,786 14.0 22.1 2,289 7.5 18.1 Black . . . . . . . . . . . . . 3,443 17.3 10.1 5,985 19.7 17.5 Under 15 years . . . . . 853 4.3 8.9 1,489 4.9 15.5 15–24 years . . . . . .		
Q9	A 40-year-old businessman who was previously well is brought into the emergency department by his as	2	Clinical_practice_guidlines/CDC_Clinical_guidlines/CDC/PDFs/Tuberculosis/ad351__c64	Clinical_practice_guidlines/CDC_Clinical_guidlines/CDC/PDFs/Tuberculosis/ad351	guideline	0.016900	or African American, single race’’ in the tables is referred to as ‘‘black persons’’ in the text. 10Persons of Hispanic or Latino origin may be of any race or combination of races. Similarly, the cate		
Q9	A 40-year-old businessman who was previously well is brought into the emergency department by his as	3	Clinical_practice_guidlines/CDC_Clinical_guidlines/CDC/PDFs/Tuberculosis/mm7318-H__c14	Clinical_practice_guidlines/CDC_Clinical_guidlines/CDC/PDFs/Tuberculosis/mm7318-H	guideline	0.016700	(row %) Total U.S. residents Newly arrived  refugees§ Other new  arrivals¶ New arrivals with unknown  immigration status** Total  68 15 (22) 2 (3) 49 (72) 2 (3) Surveillance and data collection Patien		
Q9	A 40-year-old businessman who was previously well is brought into the emergency department by his as	4	Clinical_practice_guidlines/CDC_Clinical_guidlines/CDC/PDFs/Tuberculosis/ad358__c16	Clinical_practice_guidlines/CDC_Clinical_guidlines/CDC/PDFs/Tuberculosis/ad358	guideline	0.016400	= 1.0) of these were related to injury (data not shown). Persons 18–64 years of age made 96.2 percent (SE = 0.7) of the work-related visits, and 4.9 percent (SE = 0.2) of their ED visits were work rel		
Q9	A 40-year-old businessman who was previously well is brought into the emergency department by his as	5	Clinical_practice_guidlines/CDC_Clinical_guidlines/CDC/PDFs/Tuberculosis/mm6937-H__c84	Clinical_practice_guidlines/CDC_Clinical_guidlines/CDC/PDFs/Tuberculosis/mm6937-H	guideline	0.016200	earliest confirmed case linked to the outbreak. Pediatric patients were aged <18 years; adults were aged ≥18 years. Persons with confirmed or probable child care facility–associated COVID-19 were requ		
Q9	A 40-year-old businessman who was previously well is brought into the emergency department by his as	6	Clinical_practice_guidlines/CDC_Clinical_guidlines/CDC/PDFs/Tuberculosis/ad271__c8	Clinical_practice_guidlines/CDC_Clinical_guidlines/CDC/PDFs/Tuberculosis/ad271	guideline	0.015900	visits were nonurgent; 45.0 percent were urgent/emergent (table 2). Persons 75 years of age and over had the highest urgent visit rate (38.3 visits per 100 persons). Persons 15–24 years of age had a h		
Q9	A 40-year-old businessman who was previously well is brought into the emergency department by his as	7	Clinical_practice_guidlines/CDC_Clinical_guidlines/CDC/PDFs/Tuberculosis/mm6922-H__c45	Clinical_practice_guidlines/CDC_Clinical_guidlines/CDC/PDFs/Tuberculosis/mm6922-H	guideline	0.015700	Relevant Travel History Before February 26 Two notable cases of COVID-19 occurred in Santa Clara County, California: one in a woman who became ill on January 31 and died on February 6 and another in a		
Q9	A 40-year-old businessman who was previously well is brought into the emergency department by his as	8	Clinical_practice_guidlines/CDC_Clinical_guidlines/CDC/PDFs/Tuberculosis/mm5946__c76	Clinical_practice_guidlines/CDC_Clinical_guidlines/CDC/PDFs/Tuberculosis/mm5946	guideline	0.015400	ending November 20, 2010 (46th week) Reporting area All causes, by age (years) P&I† Total Reporting area All causes, by age (years) P&I† Total All Ages ≥65 45–64 25–44 1–24 <1 All Ages ≥65 45–64 25–44		
Q9	A 40-year-old businessman who was previously well is brought into the emergency department by his as	9	Clinical_practice_guidlines/CDC_Clinical_guidlines/CDC/PDFs/Tuberculosis/mm6220__c6	Clinical_practice_guidlines/CDC_Clinical_guidlines/CDC/PDFs/Tuberculosis/mm6220	guideline	0.015200	release. Second, the TABLE. Characteristics of reported deaths related to Hurricane Sandy for all deaths and drowning deaths — Connecticut, Maryland, New Jersey, New York, Pennsylvania, and West Virgi		
Q9	A 40-year-old businessman who was previously well is brought into the emergency department by his as	10	Clinical_practice_guidlines/CDC_Clinical_guidlines/CDC/PDFs/Tuberculosis/mm5941__c78	Clinical_practice_guidlines/CDC_Clinical_guidlines/CDC/PDFs/Tuberculosis/mm5941	guideline	0.015000	2010 (41st week) Reporting area All causes, by age (years) P&I† Total Reporting area All causes, by age (years) P&I† Total All Ages ≥65 45–64 25–44 1–24 <1 All Ages ≥65 45–64 25–44 1–24 <1 New England		
Q10	A 29-year-old man is brought to the emergency department by a concerned neighbor. The patient appear	1	Clinical_practice_guidlines/CDC_Clinical_guidlines/CDC/PDFs/Tuberculosis/ad271__c8	Clinical_practice_guidlines/CDC_Clinical_guidlines/CDC/PDFs/Tuberculosis/ad271	guideline	0.017200	visits were nonurgent; 45.0 percent were urgent/emergent (table 2). Persons 75 years of age and over had the highest urgent visit rate (38.3 visits per 100 persons). Persons 15–24 years of age had a h		
Q10	A 29-year-old man is brought to the emergency department by a concerned neighbor. The patient appear	2	Clinical_practice_guidlines/CDC_Clinical_guidlines/CDC/PDFs/Tuberculosis/mm7318-H__c14	Clinical_practice_guidlines/CDC_Clinical_guidlines/CDC/PDFs/Tuberculosis/mm7318-H	guideline	0.016900	(row %) Total U.S. residents Newly arrived  refugees§ Other new  arrivals¶ New arrivals with unknown  immigration status** Total  68 15 (22) 2 (3) 49 (72) 2 (3) Surveillance and data collection Patien		
Q10	A 29-year-old man is brought to the emergency department by a concerned neighbor. The patient appear	3	Clinical_practice_guidlines/CDC_Clinical_guidlines/CDC/PDFs/Tuberculosis/ad275__c8	Clinical_practice_guidlines/CDC_Clinical_guidlines/CDC/PDFs/Tuberculosis/ad275	guideline	0.016700	nonurgent; 47.2 percent were classiﬁed as urgent/ emergent (table 2). Persons 75 years of age and over had the highest urgent visit rate (37.6 visits per 100 persons). Persons 15–24 years of age had a		
Q10	A 29-year-old man is brought to the emergency department by a concerned neighbor. The patient appear	4	Clinical_practice_guidlines/CDC_Clinical_guidlines/CDC/PDFs/Tuberculosis/mm6937-H__c84	Clinical_practice_guidlines/CDC_Clinical_guidlines/CDC/PDFs/Tuberculosis/mm6937-H	guideline	0.016200	earliest confirmed case linked to the outbreak. Pediatric patients were aged <18 years; adults were aged ≥18 years. Persons with confirmed or probable child care facility–associated COVID-19 were requ		
Q10	A 29-year-old man is brought to the emergency department by a concerned neighbor. The patient appear	5	Clinical_practice_guidlines/CDC_Clinical_guidlines/CDC/PDFs/Tuberculosis/ad358__c16	Clinical_practice_guidlines/CDC_Clinical_guidlines/CDC/PDFs/Tuberculosis/ad358	guideline	0.015900	= 1.0) of these were related to injury (data not shown). Persons 18–64 years of age made 96.2 percent (SE = 0.7) of the work-related visits, and 4.9 percent (SE = 0.2) of their ED visits were work rel		
Q10	A 29-year-old man is brought to the emergency department by a concerned neighbor. The patient appear	6	Clinical_practice_guidlines/CDC_Clinical_guidlines/CDC/PDFs/Tuberculosis/ad245__c1	Clinical_practice_guidlines/CDC_Clinical_guidlines/CDC/PDFs/Tuberculosis/ad245	guideline	0.015700	information about patient visits. This form (ﬁgure 1) serves as a reference for readers as they review the survey ﬁndings presented in this document. Patient characteristics During the 12-month period		
Q10	A 29-year-old man is brought to the emergency department by a concerned neighbor. The patient appear	7	Clinical_practice_guidlines/CDC_Clinical_guidlines/CDC/PDFs/Tuberculosis/mm6914-H__c62	Clinical_practice_guidlines/CDC_Clinical_guidlines/CDC/PDFs/Tuberculosis/mm6914-H	guideline	0.015400	children aged 10–14 years (682; 27%). Among younger Morbidity and Mortality Weekly Report MMWR / April 10, 2020 / Vol. 69 / No. 14 423 US Department of Health and Human Services/Centers for Disease Co		
Q10	A 29-year-old man is brought to the emergency department by a concerned neighbor. The patient appear	8	Clinical_practice_guidlines/CDC_Clinical_guidlines/CDC/PDFs/Tuberculosis/ad304__c22	Clinical_practice_guidlines/CDC_Clinical_guidlines/CDC/PDFs/Tuberculosis/ad304	guideline	0.015200	10.1 75 years and older . . . 2,786 14.0 22.1 2,289 7.5 18.1 Black . . . . . . . . . . . . . 3,443 17.3 10.1 5,985 19.7 17.5 Under 15 years . . . . . 853 4.3 8.9 1,489 4.9 15.5 15–24 years . . . . . .		
Q10	A 29-year-old man is brought to the emergency department by a concerned neighbor. The patient appear	9	Clinical_practice_guidlines/CDC_Clinical_guidlines/CDC/PDFs/Tuberculosis/mm4525__c15	Clinical_practice_guidlines/CDC_Clinical_guidlines/CDC/PDFs/Tuberculosis/mm4525	guideline	0.014800	a terminal or on the plane. On April 6, 15 days after the flight, he developed a moderate fever and mild rash and remained in the home of his grandmother (Case 3) throughout his ill- ness. Cases 2, 3,		
Q10	A 29-year-old man is brought to the emergency department by a concerned neighbor. The patient appear	10	Medical_books/MedQA/questions/US/metamap_extracted_phrases/train/phrases_train__c3383	Medical_books/MedQA/questions/US/metamap_extracted_phrases/train/phrases_train	textbook	0.014286	a lower tibial shaft fracture. The physician recommends overnight observation and surgery the following morning. The patient refuses the suggested treatment and requests immediate discharge. Otherwise		
Q11	elderly man exertional syncope systolic ejection murmur radiating to carotids aortic stenosis severity workup echocardiography	1	Drug_database/meddra_freq__row82417	Drug_database/meddra_freq	drug	0.016393	C0000737: C0039070; 21%: rare; 0.21: 0.0; 0.21.1: 0.001; LLT: PT; C0000737.1: C0039070; Abdominal pain: Syncope.		
Q11	elderly man exertional syncope systolic ejection murmur radiating to carotids aortic stenosis severity workup echocardiography	2	Medical_books/MedQA/textbooks/en/InternalMed_Harrison__c410	Medical_books/MedQA/textbooks/en/InternalMed_Harrison	textbook	0.014493	potential for adverse effects of unnecessary investigations. Chest discomfort is the third most common reason for visits to the ED in the United States, resulting in 6 to 7 million emergency visits ea		
Q11	elderly man exertional syncope systolic ejection murmur radiating to carotids aortic stenosis severity workup echocardiography	3	Lab_rev_data/Consolidated_Lab_Critical_Values_Dataset_CLEANED__row1435	Lab_rev_data/Consolidated_Lab_Critical_Values_Dataset_CLEANED	lab_reference	0.014286	NT- proBNP (Cardiac, Venous Blood): normal range 0.0–400 ng/L; for 0 Years - 115 Years, Female. Panel: NT-pro B-type Natriuretic Peptide (NT-proBNP); effective 22/10/2018		
Q11	elderly man exertional syncope systolic ejection murmur radiating to carotids aortic stenosis severity workup echocardiography	4	Research_papers/PubMed/Abstracts/Hyperkalemia/PMID_33160639__abs	Research_papers/PubMed/Abstracts/Hyperkalemia/PMID_33160639	research_paper	0.014085	Hyperkalemia is an electrolyte abnormality with potentially life-threatening consequences. Despite various guidelines, no universally accepted consensus exists on best practices for hyperkalemia monit		
Q11	elderly man exertional syncope systolic ejection murmur radiating to carotids aortic stenosis severity workup echocardiography	5	Clinical_practice_guidlines/Nice_guidlines/chronic-heart-failure-in-adults-diagnosis-and-management-pdf-66141541311685__c1	Clinical_practice_guidlines/Nice_guidlines/chronic-heart-failure-in-adults-diagnosis-and-management-pdf-66141541311685	guideline	0.014000	.................................................................................................................. 9 1.3 Giving information to people with heart failure ...............................		
Q11	elderly man exertional syncope systolic ejection murmur radiating to carotids aortic stenosis severity workup echocardiography	6	Medical_books/MedQA/questions/US/train__c378	Medical_books/MedQA/questions/US/train	textbook	0.013699	American man diagnosed with high blood pressure presents to the outpatient clinic. In the clinic, his blood pressure is 161/88 mm Hg with a pulse of 88/min. He has had similar blood pressure measureme		
Q11	elderly man exertional syncope systolic ejection murmur radiating to carotids aortic stenosis severity workup echocardiography	7	Research_papers/PMC/PDFs/PMC9660017/article__c21	Research_papers/PMC/PDFs/PMC9660017/article	research_paper	0.013514	J Public Health. 2021;29:223–9. 92. Kuruvilla A, Bhattacharya P, Rajamani K, Chaturvedi S. Fac- tors associated with misdiagnosis of acute stroke in young adults. J Stroke Cerebrovasc Dis. 2011;20:523		
Q11	elderly man exertional syncope systolic ejection murmur radiating to carotids aortic stenosis severity workup echocardiography	8	Medical_books/MedQA/textbooks/en/First_Aid_Step2__c358	Medical_books/MedQA/textbooks/en/First_Aid_Step2	textbook	0.013158	Principles of Internal Medicine, 16th ed. New York: McGraw-Hill, 2005: 1497.) ■ Phase 4: Severe hypoxemia unresponsive to therapy; ↑ intrapulmonary shunting; metabolic and respiratory acidosis. The cr		
Q11	elderly man exertional syncope systolic ejection murmur radiating to carotids aortic stenosis severity workup echocardiography	9	Research_papers/PubMed/Abstracts/Sepsis/PMID_40163133__abs	Research_papers/PubMed/Abstracts/Sepsis/PMID_40163133	research_paper	0.013115	OBJECTIVE: This European Society of Intensive Care Medicine (ESICM) guideline provides evidence-based recommendations on the volume of early resuscitation fluid for adult critically ill patients. METH		
Q11	elderly man exertional syncope systolic ejection murmur radiating to carotids aortic stenosis severity workup echocardiography	10	Medical_books/MedQA/questions/US/US_qbank__c1125	Medical_books/MedQA/questions/US/US_qbank	textbook	0.012987	no history of serious illness. Her temperature is 37°C (98.6°F), pulse is 95/min, and blood pressure is 96/52 mm Hg. Examination shows a 2/6 continuous, low-pitched murmur over the left upper sternal 		
Q12	acute ST elevation myocardial infarction primary percutaneous coronary intervention door to balloon time guideline reperfusion aspirin	1	Research_papers/PubMed/Abstracts/Coronary_Artery_Disease/PMID_34895950__abs	Research_papers/PubMed/Abstracts/Coronary_Artery_Disease/PMID_34895950	research_paper	0.177661	AIM: The guideline for coronary artery revascularization replaces the 2011 coronary artery bypass graft surgery and the 2011 and 2015 percutaneous coronary intervention guidelines, providing a patient		
Q12	acute ST elevation myocardial infarction primary percutaneous coronary intervention door to balloon time guideline reperfusion aspirin	2	Research_papers/PubMed/Abstracts/Coronary_Artery_Disease/PMID_35671766__abs	Research_papers/PubMed/Abstracts/Coronary_Artery_Disease/PMID_35671766	research_paper	0.177325	This article reviews the surgical management of coronary artery disease (CAD). The authors cover the background, presentation, diagnosis, heart team evaluation, and development of treatment strategies		
Q12	acute ST elevation myocardial infarction primary percutaneous coronary intervention door to balloon time guideline reperfusion aspirin	3	Research_papers/PMC/PDFs/PMC11356482/article__c24	Research_papers/PMC/PDFs/PMC11356482/article	research_paper	0.015873	Patients with Acute Coronary Syndrome: The TICO Randomized Clinical Trial. JAMA 2020, 323, 2407–2416. [CrossRef] 46. Sibbing, D.; Aradi, D.; Jacobshagen, C.; Gross, L.; Trenk, D.; Geisler, T.; Orban, 		
Q12	acute ST elevation myocardial infarction primary percutaneous coronary intervention door to balloon time guideline reperfusion aspirin	4	Research_papers/PubMed/Abstracts/Myocardial_Infarction/PMID_40549394__abs	Research_papers/PubMed/Abstracts/Myocardial_Infarction/PMID_40549394	research_paper	0.015625	IMPORTANCE: The optimal management strategy for older patients who present with acute coronary syndrome (ACS) remains unclear due to a paucity of randomized evidence. New large and longer-term randomi		
Q12	acute ST elevation myocardial infarction primary percutaneous coronary intervention door to balloon time guideline reperfusion aspirin	5	Research_papers/PMC/XML/PMC7382537/article__c10	Research_papers/PMC/XML/PMC7382537/article	research_paper	0.014706	outcomes such as myocardial infarction. In conclusion, the rate of recurrence reduced until 2005 but has not changed since. The majority of cardioembolic or hemorrhagic strokes recurrences are of the 		
Q12	acute ST elevation myocardial infarction primary percutaneous coronary intervention door to balloon time guideline reperfusion aspirin	6	Medical_books/MedQA/textbooks/en/Pathology_Robbins__c703	Medical_books/MedQA/textbooks/en/Pathology_Robbins	textbook	0.014493	Obstructed coronary artery Endocardium Zone of perfusion (area at risk) Zone of necrosis Zone of necrosis Completed infarct involving nearly the entire area at risk 0 hr 2 hr 24 hr Fig. 11.8 Progressi		
Q12	acute ST elevation myocardial infarction primary percutaneous coronary intervention door to balloon time guideline reperfusion aspirin	7	Medical_books/MedQA/textbooks/en/InternalMed_Harrison__c5916	Medical_books/MedQA/textbooks/en/InternalMed_Harrison	textbook	0.014085	between onset of symptoms from ST-segment elevation myocardial infarction and restoration of flow in the infarct-related artery. Plotted sequentially from left to right are the times for patients to r		
Q12	acute ST elevation myocardial infarction primary percutaneous coronary intervention door to balloon time guideline reperfusion aspirin	8	Research_papers/PubMed/Abstracts/Myocardial_Infarction/PMID_36356656__abs	Research_papers/PubMed/Abstracts/Myocardial_Infarction/PMID_36356656	research_paper	0.013115	Pacing-induced cardiomyopathy is a potential complication of right ventricular pacing. Definition varies between studies and the optimal management approach is uncertain. We aimed to characterize defi		
Q12	acute ST elevation myocardial infarction primary percutaneous coronary intervention door to balloon time guideline reperfusion aspirin	9	Research_papers/PubMed/Abstracts/Myocardial_Infarction/PMID_34709879__abs	Research_papers/PubMed/Abstracts/Myocardial_Infarction/PMID_34709879	research_paper	0.012698	AIM: This clinical practice guideline for the evaluation and diagnosis of chest pain provides recommendations and algorithms for clinicians to assess and diagnose chest pain in adult patients. METHODS		
Q12	acute ST elevation myocardial infarction primary percutaneous coronary intervention door to balloon time guideline reperfusion aspirin	10	Research_papers/PubMed/Abstracts/Myocardial_Infarction/PMID_39302533__abs	Research_papers/PubMed/Abstracts/Myocardial_Infarction/PMID_39302533	research_paper	0.012308	Primary Percutaneous Coronary Intervention (PCI) has significantly contributed to reducing the mortality of patients with ST-segment elevation myocardial infarction (STEMI) even in cardiogenic shock a		
Q13	young woman weight loss heat intolerance fine tremor exophthalmos Graves disease diagnosis TSH receptor antibodies thyroid uptake scan	1	Research_papers/PubMed/Abstracts/Hyperthyroidism/PMID_36480280__abs	Research_papers/PubMed/Abstracts/Hyperthyroidism/PMID_36480280	research_paper	0.177206	Thyroid eye disease (TED) remains challenging for clinicians to evaluate and manage. Novel therapies have recently emerged, and their specific roles are still being determined. Most patients with TED 		
Q13	young woman weight loss heat intolerance fine tremor exophthalmos Graves disease diagnosis TSH receptor antibodies thyroid uptake scan	2	Research_papers/PubMed/Abstracts/Thyroid_Storm/PMID_35235281__abs	Research_papers/PubMed/Abstracts/Thyroid_Storm/PMID_35235281	research_paper	0.176110	Hyperthyroidism is an excess in thyroid hormone production caused by such conditions as Graves disease, toxic multinodular goiter, and toxic adenoma. Overt hyperthyroidism is defined as a low or undet		
Q13	young woman weight loss heat intolerance fine tremor exophthalmos Graves disease diagnosis TSH receptor antibodies thyroid uptake scan	3	Research_papers/PubMed/Abstracts/Hyperthyroidism/PMID_40834371__abs	Research_papers/PubMed/Abstracts/Hyperthyroidism/PMID_40834371	research_paper	0.175592	Hyperthyroidism is characterized by overproduction of thyroid hormone in the thyroid gland and affects 1.3% of adults in the United States. Thyrotoxicosis is a state of thyroid hormone excess and may 		
Q13	young woman weight loss heat intolerance fine tremor exophthalmos Graves disease diagnosis TSH receptor antibodies thyroid uptake scan	4	Research_papers/PubMed/Abstracts/Hyperthyroidism/PMID_29950539__abs	Research_papers/PubMed/Abstracts/Hyperthyroidism/PMID_29950539	research_paper	0.175108	Graves' disease is an autoimmune disorder which affect thyroid gland. Graves' disease is the most common cause of hyperthyroidism and thyrotoxicosis. Understanding of disease pathophysiology, diagnost		
Q13	young woman weight loss heat intolerance fine tremor exophthalmos Graves disease diagnosis TSH receptor antibodies thyroid uptake scan	5	Lab_rev_data/Consolidated_Lab_Critical_Values_Dataset_CLEANED__row1807	Lab_rev_data/Consolidated_Lab_Critical_Values_Dataset_CLEANED	lab_reference	0.016393	TSH receptor Ab (Thyroid, Venous Blood): normal range 0.0–0.9 IU/L; for 0 Years - 115 Years, Female. Panel: TSH-Receptor Stimulating Antibodies; effective 01/09/2011		
Q13	young woman weight loss heat intolerance fine tremor exophthalmos Graves disease diagnosis TSH receptor antibodies thyroid uptake scan	6	Clinical_practice_guidlines/CDC_Clinical_guidlines/CDC/PDFs/HIV/rr6304__c34	Clinical_practice_guidlines/CDC_Clinical_guidlines/CDC/PDFs/HIV/rr6304	guideline	0.015000	endometriosis, or those with a partner known to be subfertile (the condition of being less than normally fertile though still capable of effecting fertilization) (101). An early evaluation also might 		
Q13	young woman weight loss heat intolerance fine tremor exophthalmos Graves disease diagnosis TSH receptor antibodies thyroid uptake scan	7	Medical_books/MedQA/textbooks/en/Pathology_Robbins__c1205	Medical_books/MedQA/textbooks/en/Pathology_Robbins	textbook	0.014493	next are the clinical consequences of disturbed thyroid function, followed by an overview of the disorders that generate these problems. Thyrotoxicosis is a hypermetabolic state caused by elevated cir		
Q13	young woman weight loss heat intolerance fine tremor exophthalmos Graves disease diagnosis TSH receptor antibodies thyroid uptake scan	8	Clinical_practice_guidlines/Nice_guidlines/thyroid-disease-assessment-and-management-pdf-66141781496773__c3	Clinical_practice_guidlines/Nice_guidlines/thyroid-disease-assessment-and-management-pdf-66141781496773	guideline	0.014400	the reference range, changes to treatment may improve symptoms for some people. • Symptoms may lag behind treatment changes for several weeks to months. • Day-to-day changes in unexplained symptoms ar		
Q13	young woman weight loss heat intolerance fine tremor exophthalmos Graves disease diagnosis TSH receptor antibodies thyroid uptake scan	9	Research_papers/PubMed/Abstracts/Thyroid_Storm/PMID_36848916__abs	Research_papers/PubMed/Abstracts/Thyroid_Storm/PMID_36848916	research_paper	0.014085	Hyperthyroidism is a common condition with a global prevalence of 0·2-1·3%. When clinical suspicion of hyperthyroidism arises, it should be confirmed by biochemical tests (eg, low TSH, high free thyro		
Q13	young woman weight loss heat intolerance fine tremor exophthalmos Graves disease diagnosis TSH receptor antibodies thyroid uptake scan	10	Research_papers/PMC/PDFs/PMC9947226/article__c7	Research_papers/PMC/PDFs/PMC9947226/article	research_paper	0.013333	another study, core needle biopsy was commonly delayed by one week after the ﬁrst FNA biopsy yielded an incorrect diagnosis (10). In addition, there are no major complications after core and FNA TABLE		
Q14	diabetic ketoacidosis management intravenous regular insulin infusion fluid resuscitation potassium correction thresholds bicarbonate controversy	1	Research_papers/PMC/XML/PMC5375966/article__c2	Research_papers/PMC/XML/PMC5375966/article	research_paper	0.177352	randomized studies to guide clinicians on the best way to manage DKA. Whilst the principles are well known—fluids, insulin, and electrolytes, the questions remain about how much, how fast, etc. This l		
Q14	diabetic ketoacidosis management intravenous regular insulin infusion fluid resuscitation potassium correction thresholds bicarbonate controversy	2	Research_papers/PubMed/Abstracts/Diabetic_Ketoacidosis/PMID_31530688__abs	Research_papers/PubMed/Abstracts/Diabetic_Ketoacidosis/PMID_31530688	research_paper	0.176519	Diabetic ketoacidosis (DKA) is not a rare presentation to hospital, despite being an entirely preventable condition. A concerning number of people also develop DKA while already in hospital. Managemen		
Q14	diabetic ketoacidosis management intravenous regular insulin infusion fluid resuscitation potassium correction thresholds bicarbonate controversy	3	Research_papers/PubMed/Abstracts/Metabolic_Acidosis/PMID_32409703__abs	Research_papers/PubMed/Abstracts/Metabolic_Acidosis/PMID_32409703	research_paper	0.176000	Diabetic ketoacidosis (DKA) is the most common acute hyperglycaemic emergency in people with diabetes mellitus. A diagnosis of DKA is confirmed when all of the three criteria are present - 'D', either		
Q14	diabetic ketoacidosis management intravenous regular insulin infusion fluid resuscitation potassium correction thresholds bicarbonate controversy	4	Research_papers/PubMed/Abstracts/Diabetic_Ketoacidosis/PMID_31142480__abs	Research_papers/PubMed/Abstracts/Diabetic_Ketoacidosis/PMID_31142480	research_paper	0.015385	Diabetic ketoacidosis and hyperosmolar hyperglycemic syndrome (HHS) are life threatening complications that occur in patients with diabetes. In addition to timely identification of the precipitating c		
Q14	diabetic ketoacidosis management intravenous regular insulin infusion fluid resuscitation potassium correction thresholds bicarbonate controversy	5	Research_papers/PMC/XML/PMC10416834/article__c3	Research_papers/PMC/XML/PMC10416834/article	research_paper	0.015152	can be challenging given the increased rates of obesity in the general paediatric population [] and the positive autoimmune markers present in children and adolescents with ketosis-prone T2DM. 26 19 2		
Q14	diabetic ketoacidosis management intravenous regular insulin infusion fluid resuscitation potassium correction thresholds bicarbonate controversy	6	Research_papers/PMC/PDFs/PMC10012093/article__c16	Research_papers/PMC/PDFs/PMC10012093/article	research_paper	0.014925	Rees JAE, Courtney CH, et al. Joint British Diabetes Societies Guideline for the Management of Diabetic Ketoacidosis: Diabetic Ketoacidosis Guidelines. Diabetic Med (2011) 28(5):508–15. doi: 10.1111/j		
Q14	diabetic ketoacidosis management intravenous regular insulin infusion fluid resuscitation potassium correction thresholds bicarbonate controversy	7	Research_papers/PubMed/Abstracts/Diabetic_Ketoacidosis/PMID_37419787__c0	Research_papers/PubMed/Abstracts/Diabetic_Ketoacidosis/PMID_37419787	research_paper	0.014706	{   "pmid": "37419787",   "title": "Management of diabetic ketoacidosis.",   "abstract": "Diabetic ketoacidosis (DKA) is an acute life-threatening emergency in patients with diabetes, it can result in		
Q14	diabetic ketoacidosis management intravenous regular insulin infusion fluid resuscitation potassium correction thresholds bicarbonate controversy	8	Medical_books/MedQA/textbooks/en/InternalMed_Harrison__c8538	Medical_books/MedQA/textbooks/en/InternalMed_Harrison	textbook	0.014493	the metabolic derangements are improving. A comprehensive flow sheet should record chronologic changes in vital signs, fluid intake and output, and laboratory values as a function of insulin administe		
Q14	diabetic ketoacidosis management intravenous regular insulin infusion fluid resuscitation potassium correction thresholds bicarbonate controversy	9	Clinical_practice_guidlines/Nice_guidlines/type-1-diabetes-in-adults-diagnosis-and-management-pdf-1837276469701__c26	Clinical_practice_guidlines/Nice_guidlines/type-1-diabetes-in-adults-diagnosis-and-management-pdf-1837276469701	guideline	0.014400	64 body temperature, electrocardiogram [ECG]) • respiratory distress syndrome • cardiac abnormalities • precipitating causes • infection management, including opportunistic infections • gastroparesis 		
Q14	diabetic ketoacidosis management intravenous regular insulin infusion fluid resuscitation potassium correction thresholds bicarbonate controversy	10	Research_papers/PMC/PDFs/PMC12639725/article__c7	Research_papers/PMC/PDFs/PMC12639725/article	research_paper	0.014286	the IV fluids to prevent hypoglycemia and allow for continued insulin infusion to clear ketosis [20]. Recent evidence suggests balanced crystalloids may accelerate DKA resolution compared to saline, b		
Q15	returning traveler high fever rigors splenomegaly thick thin blood smear malaria plasmodium species identification treatment	1	Clinical_practice_guidlines/CDC_Clinical_guidlines/CDC/PDFs/Tuberculosis/ss5005__c26	Clinical_practice_guidlines/CDC_Clinical_guidlines/CDC/PDFs/Tuberculosis/ss5005	guideline	0.017200	group of patients. The importance of taking proper precautions and chemoprophylaxis is indicated by the four deaths attributed to malaria in the United States in 1998. None of the patients had taken p		
Q15	returning traveler high fever rigors splenomegaly thick thin blood smear malaria plasmodium species identification treatment	2	Clinical_practice_guidlines/CDC_Clinical_guidlines/CDC/PDFs/Tuberculosis/ss4602__c64	Clinical_practice_guidlines/CDC_Clinical_guidlines/CDC/PDFs/Tuberculosis/ss4602	guideline	0.016900	other recent outbreaks in that a) it occurred in an urban setting and b) the infecting organism was P. falciparum. Health-care providers should consider malaria in the differential diagnosis of any pa		
Q15	returning traveler high fever rigors splenomegaly thick thin blood smear malaria plasmodium species identification treatment	3	Clinical_practice_guidlines/CDC_Clinical_guidlines/CDC/PDFs/Tuberculosis/ss6205__c3	Clinical_practice_guidlines/CDC_Clinical_guidlines/CDC/PDFs/Tuberculosis/ss6205	guideline	0.016700	Malaria infections can be fatal if not diagnosed and treated promptly with antimalarial medications appropriate for the patient’s age and medical history, the likely country of malaria acquisition, an		
Q15	returning traveler high fever rigors splenomegaly thick thin blood smear malaria plasmodium species identification treatment	4	Clinical_practice_guidlines/Who_IRIS/B09514-eng__c324	Clinical_practice_guidlines/Who_IRIS/B09514-eng	guideline	0.016400	from other causes of fever; diagnosis based only on clinical features has very low specificity and results in overtreatment. Other possible causes of fever and whether alternative or additional treatm		
Q15	returning traveler high fever rigors splenomegaly thick thin blood smear malaria plasmodium species identification treatment	5	Clinical_practice_guidlines/CDC_Clinical_guidlines/CDC/PDFs/Tuberculosis/ss6312__c26	Clinical_practice_guidlines/CDC_Clinical_guidlines/CDC/PDFs/Tuberculosis/ss6312	guideline	0.016200	to determine whether the medicines listed for treatment were appropriate. Of the 1,123 patients with uncomplicated malaria with available information on treatment, 925 (82%) were treated appropriately		
Q15	returning traveler high fever rigors splenomegaly thick thin blood smear malaria plasmodium species identification treatment	6	Clinical_practice_guidlines/CDC_Clinical_guidlines/CDC/PDFs/Tuberculosis/ss5907__c32	Clinical_practice_guidlines/CDC_Clinical_guidlines/CDC/PDFs/Tuberculosis/ss5907	guideline	0.015900	Malaria [Package insert]. Scarborough, ME: Inverness Medical Professional Diagnostics; 2007. 12. World Health Organization. Diagnosis and management of severe falciparum malaria. Geneva, Switzerland: 		
Q15	returning traveler high fever rigors splenomegaly thick thin blood smear malaria plasmodium species identification treatment	7	Clinical_practice_guidlines/CDC_Clinical_guidlines/CDC/PDFs/Tuberculosis/ss5606__c72	Clinical_practice_guidlines/CDC_Clinical_guidlines/CDC/PDFs/Tuberculosis/ss5606	guideline	0.015400	laboratory-confirmed (by microscopy or polymerase chain reaction) malaria parasitemia, regardless of whether the person had previous attacks of malaria while in other countries. A subsequent attack of		
Q15	returning traveler high fever rigors splenomegaly thick thin blood smear malaria plasmodium species identification treatment	8	Clinical_practice_guidlines/CDC_Clinical_guidlines/CDC/PDFs/Tuberculosis/ss6102__c10	Clinical_practice_guidlines/CDC_Clinical_guidlines/CDC/PDFs/Tuberculosis/ss6102	guideline	0.014600	29 (2.0) 33 (1.9) P. knowlesi 1 (0.1) 0 (0) 0 (0) Mixed 8 (0.6) 13 (0.9) 13 (0.8) Undetermined 535 (41.2) 557 (37.5) 303 (17.9) Total 1,298 (100) 1,484 (100) 1,691 (100) TABLE 1. Number of malaria cas		
Q15	returning traveler high fever rigors splenomegaly thick thin blood smear malaria plasmodium species identification treatment	9	Medical_books/MedQA/textbooks/en/Pediatrics_Nelson__c797	Medical_books/MedQA/textbooks/en/Pediatrics_Nelson	textbook	0.014286	genus Plasmodium, including P. falciparum, P. malariae, P. ovale, P. vivax, and P. knowlesi. Plasmodium has a complex life cycle that enables survival in different cellular environments in the human h		
Q15	returning traveler high fever rigors splenomegaly thick thin blood smear malaria plasmodium species identification treatment	10	Research_papers/PMC/PDFs/PMC5496604/article__c37	Research_papers/PMC/PDFs/PMC5496604/article	research_paper	0.014085	SC, Alecrim MG, Alexandre MA, Magalhaes BM, Siqueira AM, et al. Postmortem characterization of patients with clinical diagnosis of Plasmodium vivax malaria: to what extent does this parasite kill? Cli		
Q16	community acquired pneumonia CURB-65 score outpatient amoxicillin doxycycline first line antibiotic duration five days guidance	1	Clinical_practice_guidlines/Nice_guidlines/pneumonia-diagnosis-and-management-pdf-66144010347205__c12	Clinical_practice_guidlines/Nice_guidlines/pneumonia-diagnosis-and-management-pdf-66144010347205	guideline	0.017200	mg three times a day (higher doses can be used; see the BNF) for 5 days Pneumonia: diagnosis and management (NG250) © NICE 2026. All rights reserved. Subject to Notice of rights (https://www.nice.org.		
Q16	community acquired pneumonia CURB-65 score outpatient amoxicillin doxycycline first line antibiotic duration five days guidance	2	Clinical_practice_guidlines/CDC_Clinical_guidlines/CDC/PDFs/Influenza/57.137-toi-annual-facility-survey__c9	Clinical_practice_guidlines/CDC_Clinical_guidlines/CDC/PDFs/Influenza/57.137-toi-annual-facility-survey	guideline	0.016900	and soft tissue infections); otherwise, select 'No'. Conditionally required. If ‘Yes’ to question 14, indicate if charts have been audited to confirm adherence to facility-specific treatment guideline		
Q16	community acquired pneumonia CURB-65 score outpatient amoxicillin doxycycline first line antibiotic duration five days guidance	3	Clinical_practice_guidlines/Who_IRIS/WHO-2019-nCoV-SARI-toolkit-2022.1-eng__c158	Clinical_practice_guidlines/Who_IRIS/WHO-2019-nCoV-SARI-toolkit-2022.1-eng	guideline	0.016200	amikacin is still effective against isolates producing extended-spectrum β-lactamases (ESBL) and is considered an appropriate carbapenem-sparing option in settings where ESBL-producing isolates are ve		
Q16	community acquired pneumonia CURB-65 score outpatient amoxicillin doxycycline first line antibiotic duration five days guidance	4	Clinical_practice_guidlines/Who_IRIS/9789240107243-eng__c219	Clinical_practice_guidlines/Who_IRIS/9789240107243-eng	guideline	0.015700	interests of the individual patient, and to inform revisions of local and global policies (95). 4. Treatment of rifampicin-susceptible and isoniazid- resistant TB (Hr-TB) Recommendations 4.1–4.2 Treat		
Q16	community acquired pneumonia CURB-65 score outpatient amoxicillin doxycycline first line antibiotic duration five days guidance	5	Research_papers/PubMed/Abstracts/Influenza/PMID_29987137__c0	Research_papers/PubMed/Abstracts/Influenza/PMID_29987137	research_paper	0.014085	{   "pmid": "29987137",   "title": "Systematic Review and Meta-analysis of the Efficacy of Short-Course Antibiotic Treatments for Community-Acquired Pneumonia in Adults.",   "abstract": "The duration 		
Q16	community acquired pneumonia CURB-65 score outpatient amoxicillin doxycycline first line antibiotic duration five days guidance	6	Research_papers/PMC/PDFs/PMC6947898/article__c44	Research_papers/PMC/PDFs/PMC6947898/article	research_paper	0.013699	low clarithromycin resistance is present (strong recommendation based on moderate-quality evidences, 1B) 10 days of sequential therapy with four drugs (amoxi- cillin, clarythromicin, metronidazole, an		
Q16	community acquired pneumonia CURB-65 score outpatient amoxicillin doxycycline first line antibiotic duration five days guidance	7	Medical_books/MedQA/textbooks/en/InternalMed_Harrison__c3122	Medical_books/MedQA/textbooks/en/InternalMed_Harrison	textbook	0.013514	3 months is associated with an increased likelihood of infection with a resistant strain of S. pneumoniae. For this reason, a fluoroquinolone-based regimen should be used for patients recently given a		
Q16	community acquired pneumonia CURB-65 score outpatient amoxicillin doxycycline first line antibiotic duration five days guidance	8	Research_papers/PubMed/Abstracts/Pneumonia/PMID_30168753__abs	Research_papers/PubMed/Abstracts/Pneumonia/PMID_30168753	research_paper	0.013115	BACKGROUND: This document provides clinical recommendations for the diagnosis of idiopathic pulmonary fibrosis (IPF). It represents a collaborative effort between the American Thoracic Society, Europe		
Q16	community acquired pneumonia CURB-65 score outpatient amoxicillin doxycycline first line antibiotic duration five days guidance	9	Research_papers/PubMed/Abstracts/Pneumonia/PMID_29236286__abs	Research_papers/PubMed/Abstracts/Pneumonia/PMID_29236286	research_paper	0.012987	BACKGROUND: Pneumonia is a common and potentially serious illness. Corticosteroids have been suggested for the treatment of different types of infection, however their role in the treatment of pneumon		
Q16	community acquired pneumonia CURB-65 score outpatient amoxicillin doxycycline first line antibiotic duration five days guidance	10	Research_papers/PubMed/Abstracts/Pneumonia/PMID_35210170__abs	Research_papers/PubMed/Abstracts/Pneumonia/PMID_35210170	research_paper	0.012821	Childhood community acquired pneumonia (CAP) is the leading cause of mortality in children under 5 years worldwide. Clinical practice guidelines (CPGs) may be limited by method of development, scope o		
Q17	metformin lactic acidosis risk iodinated contrast withholding criteria eGFR threshold 30 acute illness sick day rules	1	Lab_rev_data/Consolidated_Lab_Critical_Values_Dataset_CLEANED__row36	Lab_rev_data/Consolidated_Lab_Critical_Values_Dataset_CLEANED	lab_reference	0.016393	Sodium (Electrolytes): critical low ≤120 mmol/L; critical high ≥160 mmol/L.		
Q17	metformin lactic acidosis risk iodinated contrast withholding criteria eGFR threshold 30 acute illness sick day rules	2	Clinical_practice_guidlines/Nice_guidlines/type-2-diabetes-in-adults-management-pdf-1837338615493__c51	Clinical_practice_guidlines/Nice_guidlines/type-2-diabetes-in-adults-management-pdf-1837338615493	guideline	0.016200	other medicines: • introduce the medicines one at a time, starting with metformin and checking tolerability • if using an SGLT-2 inhibitor, start this as soon as metformin is at the maximum tolerated 		
Q17	metformin lactic acidosis risk iodinated contrast withholding criteria eGFR threshold 30 acute illness sick day rules	3	Research_papers/PMC/PDFs/PMC5375966/article__c13	Research_papers/PMC/PDFs/PMC5375966/article	research_paper	0.016129	case, then this puts the classification of DKA at risk, and any research using DKA needs to ensure standardization of diagnosis and assessment of severity. Further areas of research also include prosp		
Q17	metformin lactic acidosis risk iodinated contrast withholding criteria eGFR threshold 30 acute illness sick day rules	4	Research_papers/PubMed/Abstracts/Hyperkalemia/PMID_33160639__abs	Research_papers/PubMed/Abstracts/Hyperkalemia/PMID_33160639	research_paper	0.015625	Hyperkalemia is an electrolyte abnormality with potentially life-threatening consequences. Despite various guidelines, no universally accepted consensus exists on best practices for hyperkalemia monit		
Q17	metformin lactic acidosis risk iodinated contrast withholding criteria eGFR threshold 30 acute illness sick day rules	5	Research_papers/PubMed/Abstracts/Diabetic_Ketoacidosis/PMID_31530688__abs	Research_papers/PubMed/Abstracts/Diabetic_Ketoacidosis/PMID_31530688	research_paper	0.015152	Diabetic ketoacidosis (DKA) is not a rare presentation to hospital, despite being an entirely preventable condition. A concerning number of people also develop DKA while already in hospital. Managemen		
Q17	metformin lactic acidosis risk iodinated contrast withholding criteria eGFR threshold 30 acute illness sick day rules	6	Research_papers/PMC/XML/PMC11343900/article__c26	Research_papers/PMC/XML/PMC11343900/article	research_paper	0.014925	pH ≥7.3 or bicarbonate ≥18 mmol/l []. Ideally, the blood glucose concentration should also be <11.1 mmol/l (200 mg/dl). The anion gap should not be used as a criterion, as it may be misleading because		
Q17	metformin lactic acidosis risk iodinated contrast withholding criteria eGFR threshold 30 acute illness sick day rules	7	Research_papers/PMC/PDFs/PMC10107355/article__c2	Research_papers/PMC/PDFs/PMC10107355/article	research_paper	0.014706	has a higher mortality than DKA.6–­9 There are no recent publications from the United Kingdom on mor- tality in HHS, but reported series suggest mortality may have improved though remains high at betw		
Q17	metformin lactic acidosis risk iodinated contrast withholding criteria eGFR threshold 30 acute illness sick day rules	8	Research_papers/PubMed/Abstracts/Metabolic_Acidosis/PMID_32409703__abs	Research_papers/PubMed/Abstracts/Metabolic_Acidosis/PMID_32409703	research_paper	0.014493	Diabetic ketoacidosis (DKA) is the most common acute hyperglycaemic emergency in people with diabetes mellitus. A diagnosis of DKA is confirmed when all of the three criteria are present - 'D', either		
Q17	metformin lactic acidosis risk iodinated contrast withholding criteria eGFR threshold 30 acute illness sick day rules	9	Clinical_practice_guidlines/Nice_guidlines/chronic-kidney-disease-assessment-and-management-pdf-66143713055173__c12	Clinical_practice_guidlines/Nice_guidlines/chronic-kidney-disease-assessment-and-management-pdf-66143713055173	guideline	0.014400	number of monitoring checks (eGFRcreatinine) per year for adults, children and young people with or at risk of chronic kidney disease Note: ACR monitoring should be individualised based on a person's 		
Q17	metformin lactic acidosis risk iodinated contrast withholding criteria eGFR threshold 30 acute illness sick day rules	10	Research_papers/PMC/PDFs/PMC10012093/article__c0	Research_papers/PMC/PDFs/PMC10012093/article	research_paper	0.014085	Updates in the Management of Hyperglycemic Crisis Mohammed Aldhaeeﬁ1,2,3*, Namareq F. Aldardeer 4, Nada Alkhani 5, Shatha Mohammed Alqarni 6, Abdullah M. Alhammad 7,8 and Abdulrahman I. Alshaya 1,2,3 		
Q18	vancomycin AUC guided dosing trough monitoring targets nephrotoxicity MRSA coverage infusion related red man syndrome	1	Clinical_practice_guidlines/CDC_Clinical_guidlines/CDC/PDFs/Influenza/saar-2017-2018-508__c5	Clinical_practice_guidlines/CDC_Clinical_guidlines/CDC/PDFs/Influenza/saar-2017-2018-508	guideline	0.016700	• CEFEPIME • CEFTAZIDIME • CIPROFLOXACIN • DORIPENEM • ERTAPENEM • GEMIFLOXACIN • IMIPENEM/CILASTATIN • LEVOFLOXACIN • MEROPENEM • MOXIFLOXACIN • PIPERACILLIN/TAZOBACTAM • TOBRAMYCIN (IV only) Pediatr		
Q18	vancomycin AUC guided dosing trough monitoring targets nephrotoxicity MRSA coverage infusion related red man syndrome	2	Clinical_practice_guidlines/CDC_Clinical_guidlines/CDC/PDFs/Influenza/57.137-toi-annual-facility-survey__c9	Clinical_practice_guidlines/CDC_Clinical_guidlines/CDC/PDFs/Influenza/57.137-toi-annual-facility-survey	guideline	0.016400	and soft tissue infections); otherwise, select 'No'. Conditionally required. If ‘Yes’ to question 14, indicate if charts have been audited to confirm adherence to facility-specific treatment guideline		
Q18	vancomycin AUC guided dosing trough monitoring targets nephrotoxicity MRSA coverage infusion related red man syndrome	3	Lab_rev_data/Consolidated_Lab_Critical_Values_Dataset_CLEANED__row158	Lab_rev_data/Consolidated_Lab_Critical_Values_Dataset_CLEANED	lab_reference	0.016393	Vancomycin (Toxicology, Serum/Blood): critical high >50.0 μg/mL.		
Q18	vancomycin AUC guided dosing trough monitoring targets nephrotoxicity MRSA coverage infusion related red man syndrome	4	Clinical_practice_guidlines/Nice_guidlines/pneumonia-diagnosis-and-management-pdf-66144010347205__c19	Clinical_practice_guidlines/Nice_guidlines/pneumonia-diagnosis-and-management-pdf-66144010347205	guideline	0.016200	of the risk of disabling and potentially long-lasting or irreversible side effects. Fluoroquinolones must now only be prescribed when other commonly recommended antibiotics are inappropriate Pneumonia		
Q18	vancomycin AUC guided dosing trough monitoring targets nephrotoxicity MRSA coverage infusion related red man syndrome	5	Clinical_practice_guidlines/CDC_Clinical_guidlines/CDC/PDFs/Influenza/pcsmanual_2023__c321	Clinical_practice_guidlines/CDC_Clinical_guidlines/CDC/PDFs/Influenza/pcsmanual_2023	guideline	0.015900	Example Calculations of Antimicrobial Days Example 1. Example eMAR and Calculation of Antimicrobial Days This example illustrates the antimicrobial days calculation for a patient receiving 1 gram Mero		
Q18	vancomycin AUC guided dosing trough monitoring targets nephrotoxicity MRSA coverage infusion related red man syndrome	6	Clinical_practice_guidlines/CDC_Clinical_guidlines/CDC/PDFs/Influenza/toi-57.150-ltac__c20	Clinical_practice_guidlines/CDC_Clinical_guidlines/CDC/PDFs/Influenza/toi-57.150-ltac	guideline	0.015700	otherwise, select 'No'. 36. Our facility has the following priority antibiotic stewardship interventions: (Check all that apply.) Required. Select the intervention(s), from the choices listed, that yo		
Q18	vancomycin AUC guided dosing trough monitoring targets nephrotoxicity MRSA coverage infusion related red man syndrome	7	Clinical_practice_guidlines/CDC_Clinical_guidlines/CDC/PDFs/Influenza/pcsmanual_2022_508__c307	Clinical_practice_guidlines/CDC_Clinical_guidlines/CDC/PDFs/Influenza/pcsmanual_2022_508	guideline	0.015400	per patient care location. Table 1. Example eMAR for patient housed in Medical Ward Medical Ward Monday December 28 Tuesday December 29 Wednesday December 30 Meropenem 1g intravenously every 8 hours G		
Q18	vancomycin AUC guided dosing trough monitoring targets nephrotoxicity MRSA coverage infusion related red man syndrome	8	Clinical_practice_guidlines/CDC_Clinical_guidlines/CDC/PDFs/Influenza/Global-Stewardship-Tool-508__c13	Clinical_practice_guidlines/CDC_Clinical_guidlines/CDC/PDFs/Influenza/Global-Stewardship-Tool-508	guideline	0.015200	dosing of antibiotics in patients with renal or liver dysfunction Yes No Yes No Q. Therapeutic drug monitoring of antibiotics with narrow therapeutic index (e.g., vancomycin, aminoglycosides) Yes No Y		
Q18	vancomycin AUC guided dosing trough monitoring targets nephrotoxicity MRSA coverage infusion related red man syndrome	9	Clinical_practice_guidlines/CDC_Clinical_guidlines/CDC/PDFs/Influenza/stewardship-resource-limited-508__c22	Clinical_practice_guidlines/CDC_Clinical_guidlines/CDC/PDFs/Influenza/stewardship-resource-limited-508	guideline	0.014800	easier to implement and more likely to demonstrate successes in the short term as opposed to clinical outcomes (e.g., 50% reduction in carbapenem-resistent Enterobacteriaceae infections). Measuring im		
Q18	vancomycin AUC guided dosing trough monitoring targets nephrotoxicity MRSA coverage infusion related red man syndrome	10	Clinical_practice_guidlines/CDC_Clinical_guidlines/CDC/PDFs/Influenza/2022-AU-Report-508__c3	Clinical_practice_guidlines/CDC_Clinical_guidlines/CDC/PDFs/Influenza/2022-AU-Report-508	guideline	0.014600	than predicted (i.e., SAAR values > 1), which can prompt facilities to further evaluate prescribing practices and intervene, if necessary, to optimize AU. The SAAR Guide6 and Antimicrobial Use and Res		
Q19	anaphylaxis intramuscular epinephrine 0.5 mg 1:1000 concentration anterolateral thigh airway management repeat dosing adults	1	Clinical_practice_guidlines/CDC_Clinical_guidlines/CDC/PDFs/Tuberculosis/summary-2023-06-21-23-508__c26	Clinical_practice_guidlines/CDC_Clinical_guidlines/CDC/PDFs/Tuberculosis/summary-2023-06-21-23-508	guideline	0.017200	potential serious reactions, noting that epinephrine and equipment for managing 20 CDC/ACIP. MMWR Recomm Rep 2022;71(No. RR-1):1–28 21 Recommendations for Prevention and Control of Influenza in Childr		
Q19	anaphylaxis intramuscular epinephrine 0.5 mg 1:1000 concentration anterolateral thigh airway management repeat dosing adults	2	Clinical_practice_guidlines/CDC_Clinical_guidlines/CDC/JSON/Influenza/mmwr__volumes__73__rr__rr7305a1.htm__c8	Clinical_practice_guidlines/CDC_Clinical_guidlines/CDC/JSON/Influenza/mmwr__volumes__73__rr__rr7305a1.htm	guideline	0.016200	season or consecutive seasons. Those who have not previously received ≥2 doses of trivalent or quadrivalent influenza vaccine ≥4 weeks apart before July 1, 2024, or whose previous influenza vaccinatio		
Q19	anaphylaxis intramuscular epinephrine 0.5 mg 1:1000 concentration anterolateral thigh airway management repeat dosing adults	3	Research_papers/PMC/PDFs/PMC6818355/article__c17	Research_papers/PMC/PDFs/PMC6818355/article	research_paper	0.016129	MEDICATION DOSING RECOMMENDATION NOTES Epinephrine (1:1,000) (1 mg/mL) 0.01 mg/kg per dose (max, 0.5 mg/dose) IM once Consider in severe, life-threatening asthma AAP¼asthma action plan, ED¼emergency d		
Q19	anaphylaxis intramuscular epinephrine 0.5 mg 1:1000 concentration anterolateral thigh airway management repeat dosing adults	4	Clinical_practice_guidlines/CDC_Clinical_guidlines/CDC/JSON/Vaccines/vaccines__hcp__imz-best-practices__preventing-managing-adverse-reactions.html__c2	Clinical_practice_guidlines/CDC_Clinical_guidlines/CDC/JSON/Vaccines/vaccines__hcp__imz-best-practices__preventing-managing-adverse-reactions.html	guideline	0.015900	10 mg IV, over 2 minutes)." ], [ "H2 antihistamine: Consider giving famotidine 0.25 mg/kg (max 20 mg) IV, over at least 2 minutes." ], [ "Glucocorticoid: Consider giving methylprednisolone 1 mg/kg (ma		
Q19	anaphylaxis intramuscular epinephrine 0.5 mg 1:1000 concentration anterolateral thigh airway management repeat dosing adults	5	Drug_database/meddra_all_se__row29375	Drug_database/meddra_all_se	drug	0.015873	C0000729: C0947858; Abdominal cramps: Anaphylactic responses.		
Q19	anaphylaxis intramuscular epinephrine 0.5 mg 1:1000 concentration anterolateral thigh airway management repeat dosing adults	6	Clinical_practice_guidlines/CDC_Clinical_guidlines/CDC/PDFs/Vaccines/general-recs__c79	Clinical_practice_guidlines/CDC_Clinical_guidlines/CDC/PDFs/Vaccines/general-recs	guideline	0.015700	5 minutes, or cetirizine (children age 6 months to 5 years can receive 2.5 mg IV, those 6 to 11 years of age can receive 5 or 10 mg IV, over 2 minutes). H2 antihistamine: Consider giving famotidine 0.		
Q19	anaphylaxis intramuscular epinephrine 0.5 mg 1:1000 concentration anterolateral thigh airway management repeat dosing adults	7	Research_papers/PMC/PDFs/PMC10522175/article__c7	Research_papers/PMC/PDFs/PMC10522175/article	research_paper	0.015625	pattern was observed, with respiratory infections being the main trigger in early childhood, whereas gastrointestinal infections were the main cause at older ages. In this study, the median time for r		
Q19	anaphylaxis intramuscular epinephrine 0.5 mg 1:1000 concentration anterolateral thigh airway management repeat dosing adults	8	Clinical_practice_guidlines/Who_IRIS/WHO-2019-nCoV-SARI-toolkit-2022.1-eng__c175	Clinical_practice_guidlines/Who_IRIS/WHO-2019-nCoV-SARI-toolkit-2022.1-eng	guideline	0.015400	mg casirivimab and 4000 mg imdevimab for intravenous infusion (total 8000 mg) Size of prefilled 0.9% sodium chloride or 5% dextrose infusion bag Maximum infusion rate Minimum infusion time 150 mL 350 		
Q19	anaphylaxis intramuscular epinephrine 0.5 mg 1:1000 concentration anterolateral thigh airway management repeat dosing adults	9	Clinical_practice_guidlines/CDC_Clinical_guidlines/CDC/PDFs/Vaccines/rr7101a1-H__c7	Clinical_practice_guidlines/CDC_Clinical_guidlines/CDC/PDFs/Vaccines/rr7101a1-H	guideline	0.015200	Practices; FDA = Food and Drug Administration; HA = hemagglutinin; IIV4 = inactivated influenza vaccine, quadrivalent; IM = intramuscular; LAIV4 = live attenuated influenza vaccine, quadrivalent; MDV 		
Q19	anaphylaxis intramuscular epinephrine 0.5 mg 1:1000 concentration anterolateral thigh airway management repeat dosing adults	10	Clinical_practice_guidlines/CDC_Clinical_guidlines/CDC/PDFs/Vaccines/2023-child__c15	Clinical_practice_guidlines/CDC_Clinical_guidlines/CDC/PDFs/Vaccines/2023-child	guideline	0.015000	dose 3: 5 months; repeat dose if administered too soon) y Interrupted schedules: If vaccination schedule is interrupted, the series does not need to be restarted. y No additional dose recommended when		
Q20	acetaminophen overdose N acetylcysteine protocol Rumack Matthew nomogram hepatotoxicity risk four hour level treatment threshold	1	Lab_rev_data/Consolidated_Lab_Critical_Values_Dataset_CLEANED__row37	Lab_rev_data/Consolidated_Lab_Critical_Values_Dataset_CLEANED	lab_reference	0.016393	Acetaminophen (Toxicology, Serum): critical high >150 mcg/mL. 4 hours after dose		
Q20	acetaminophen overdose N acetylcysteine protocol Rumack Matthew nomogram hepatotoxicity risk four hour level treatment threshold	2	Clinical_practice_guidlines/CDC_Clinical_guidlines/CDC/PDFs/Vaccines/rr6505__c22	Clinical_practice_guidlines/CDC_Clinical_guidlines/CDC/PDFs/Vaccines/rr6505	guideline	0.015900	the observations made by the OGW; that CDC adopt the guideline recommendations that, according to the workgroup’s report, had unanimous or majority support; and that CDC further consider the guideline		
Q20	acetaminophen overdose N acetylcysteine protocol Rumack Matthew nomogram hepatotoxicity risk four hour level treatment threshold	3	Clinical_practice_guidlines/CDC_Clinical_guidlines/CDC/PDFs/Influenza/2018-cdc-drug-surveillance-report__c2	Clinical_practice_guidlines/CDC_Clinical_guidlines/CDC/PDFs/Influenza/2018-cdc-drug-surveillance-report	guideline	0.015200	FIGURE 1A  Annual prescribing rates overall and for high-dosage prescriptions (≥ 90  MME/day) — United States, 2006–2017 FIGURE 1B  Annual prescribing rates by days of supply per prescription — United		
Q20	acetaminophen overdose N acetylcysteine protocol Rumack Matthew nomogram hepatotoxicity risk four hour level treatment threshold	4	Clinical_practice_guidlines/CDC_Clinical_guidlines/CDC/PDFs/Influenza/2017-cdc-drug-surveillance-report__c28	Clinical_practice_guidlines/CDC_Clinical_guidlines/CDC/PDFs/Influenza/2017-cdc-drug-surveillance-report	guideline	0.015000	population of the data year. For more detailed information, including definitions, please refer to table footnotes and the technical notes. Data supporting Figures 2a-2c and 2e are presented in Supple		
Q20	acetaminophen overdose N acetylcysteine protocol Rumack Matthew nomogram hepatotoxicity risk four hour level treatment threshold	5	Clinical_practice_guidlines/CDC_Clinical_guidlines/CDC/PDFs/Tuberculosis/mm7415-H__c10	Clinical_practice_guidlines/CDC_Clinical_guidlines/CDC/PDFs/Tuberculosis/mm7415-H	guideline	0.014800	(%) Confirmed (n = 12) Probable (n = 26) Suspected* (n = 140) Total (N = 178) Median age, yrs (range) 59.8  (38.2–69.6) 59.1 (32.5–86.5) 54.9 (22.1–78.7) 55.8 (22.1–86.5) Age group, yrs <34 0 1 (3.8) 		
Q20	acetaminophen overdose N acetylcysteine protocol Rumack Matthew nomogram hepatotoxicity risk four hour level treatment threshold	6	Clinical_practice_guidlines/CDC_Clinical_guidlines/CDC/PDFs/Influenza/nvsr65_10__c33	Clinical_practice_guidlines/CDC_Clinical_guidlines/CDC/PDFs/Influenza/nvsr65_10	guideline	0.014600	. . . . . . . . . . . . . . . . . . . . . . . . . . . . . . . . . . . . . . . . . . . . . . . . . . . . 1 Methods . . . . . . . . . . . . . . . . . . . . . . . . . . . . . . . . . . . . . . . . . . . 		
Q20	acetaminophen overdose N acetylcysteine protocol Rumack Matthew nomogram hepatotoxicity risk four hour level treatment threshold	7	Clinical_practice_guidlines/CDC_Clinical_guidlines/CDC/PDFs/Influenza/SUDORS_Coding_Manual_OD2A_v6.3b_Feb2025__c32	Clinical_practice_guidlines/CDC_Clinical_guidlines/CDC/PDFs/Influenza/SUDORS_Coding_Manual_OD2A_v6.3b_Feb2025	guideline	0.014400	and checking this box does not exempt any case from this requirement. 4.2 Drug Overdose/Poisoning The variables in this subgroup capture information on the context of the drug overdose, when the deced		
Q20	acetaminophen overdose N acetylcysteine protocol Rumack Matthew nomogram hepatotoxicity risk four hour level treatment threshold	8	Research_papers/PubMed/Abstracts/Peptic_Ulcer_Disease/PMID_28242110__abs	Research_papers/PubMed/Abstracts/Peptic_Ulcer_Disease/PMID_28242110	research_paper	0.013115	The rapidly declining prevalence of Helicobacter pylori infection and widespread use of potent anti-secretory drugs means peptic ulcer disease has become substantially less prevalent than it was two d		
Q20	acetaminophen overdose N acetylcysteine protocol Rumack Matthew nomogram hepatotoxicity risk four hour level treatment threshold	9	Research_papers/PubMed/Abstracts/Peptic_Ulcer_Disease/PMID_34655535__abs	Research_papers/PubMed/Abstracts/Peptic_Ulcer_Disease/PMID_34655535	research_paper	0.012698	Proton pump inhibitors are widely used throughout the world for the treatment of gastrointestinal disorders that are related to acid secretion, such as peptic ulcer disease and dyspepsia. Another comm		
Q20	acetaminophen overdose N acetylcysteine protocol Rumack Matthew nomogram hepatotoxicity risk four hour level treatment threshold	10	Research_papers/PubMed/Abstracts/Diabetes_Mellitus_Type_1/PMID_39493778__abs	Research_papers/PubMed/Abstracts/Diabetes_Mellitus_Type_1/PMID_39493778	research_paper	0.012500	Diabetes mellitus (DM) has emerged as an international health epidemic due to its rapid rise in prevalence. Consequently, scientists and or researchers will continue to find novel, safe, effective, an		
Q21	acute appendicitis Alvarado score diagnostic accuracy laparoscopic versus open appendectomy perforation risk imaging children ultrasound	1	Research_papers/PMC/XML/PMC10543156/article__c0	Research_papers/PMC/XML/PMC10543156/article	research_paper	0.177149	Introduction 1 1 3 4 5 7 8 9 10 11 12 13 Fig. 1 Ultrasonographic study of the gallbladder in the fasting subjects using a 3.5 MHz probe and the longitudinal scan. In the normal gallbladder the content		
Q21	acute appendicitis Alvarado score diagnostic accuracy laparoscopic versus open appendectomy perforation risk imaging children ultrasound	2	Drug_database/meddra_freq__row38335	Drug_database/meddra_freq	drug	0.016393	C0000737: C0003615; 21%: rare; 0.21: 0.0; 0.21.1: 0.001; LLT: LLT; C0000737.1: C0003615; Abdominal pain: Appendicitis.		
Q21	acute appendicitis Alvarado score diagnostic accuracy laparoscopic versus open appendectomy perforation risk imaging children ultrasound	3	Clinical_practice_guidlines/CDC_Clinical_guidlines/CDC/PDFs/Tuberculosis/rr5314__c159	Clinical_practice_guidlines/CDC_Clinical_guidlines/CDC/PDFs/Tuberculosis/rr5314	guideline	0.015900	Vol. 53 / RR-14 Recommendations and Reports 67 Appendix A.		
Q21	acute appendicitis Alvarado score diagnostic accuracy laparoscopic versus open appendectomy perforation risk imaging children ultrasound	4	Research_papers/PMC/PDFs/PMC8815337/article__c16	Research_papers/PMC/PDFs/PMC8815337/article	research_paper	0.014493	the remainder negative. The authors suggest acute pancreatitis may occur in pediatric patients, and may be more common in those infected with SARS-CoV-2, particularly if there are associated gastroint		
Q21	acute appendicitis Alvarado score diagnostic accuracy laparoscopic versus open appendectomy perforation risk imaging children ultrasound	5	Clinical_practice_guidlines/CDC_Clinical_guidlines/CDC/PDFs/Influenza/sr03-050__c15	Clinical_practice_guidlines/CDC_Clinical_guidlines/CDC/PDFs/Influenza/sr03-050	guideline	0.014200	Weight in kilograms for children and adolescents ages 2–19 years and number of examined people,  mean, standard error of the mean, and selected percentiles, by sex and age: United States,  August 2021		
Q21	acute appendicitis Alvarado score diagnostic accuracy laparoscopic versus open appendectomy perforation risk imaging children ultrasound	6	Medical_books/MedQA/textbooks/en/Surgery_Schwartz__c3106	Medical_books/MedQA/textbooks/en/Surgery_Schwartz	textbook	0.013699	appendicitis in children. J Am Coll Surg. 2003;196(2):212-221. 72. Bufo AJ, Shah RS, Li MH, et al. Interval appendectomy for perforated appendicitis in children. J Laparoendosc Adv Surg Tech A. 1998;8		
Q22	surgical site infection prophylaxis cefazolin timing within 60 minutes incision clean contaminated wound classification redosing interval	1	Clinical_practice_guidlines/CDC_Clinical_guidlines/CDC/PDFs/Influenza/Guideline-NICU-CLABSI-Appendix-508__c21	Clinical_practice_guidlines/CDC_Clinical_guidlines/CDC/PDFs/Influenza/Guideline-NICU-CLABSI-Appendix-508	guideline	0.017200	Case: 9/19 (47%) • Control: 30/76 (39%) > 8 days • Case: 8/19 (42%) • Control: 12/76 (16%) Time to CLABSI after line insertion (median IQR) • UVC: 2 days (2-4) • PICC: 9 days (6-13) • CVC: 7 days (6-1		
Q22	surgical site infection prophylaxis cefazolin timing within 60 minutes incision clean contaminated wound classification redosing interval	2	Clinical_practice_guidlines/CDC_Clinical_guidlines/CDC/PDFs/Influenza/pscmanual_current__c129	Clinical_practice_guidlines/CDC_Clinical_guidlines/CDC/PDFs/Influenza/pscmanual_current	guideline	0.016900	the initial trauma. In such cases, Trauma = Yes. Weight: The patient’s most recent weight documented in the medical record in pounds (lbs.) or kilograms (kg) prior to or otherwise closest to the proce		
Q22	surgical site infection prophylaxis cefazolin timing within 60 minutes incision clean contaminated wound classification redosing interval	3	Clinical_practice_guidlines/CDC_Clinical_guidlines/CDC/PDFs/Influenza/9pscssicurrent__c9	Clinical_practice_guidlines/CDC_Clinical_guidlines/CDC/PDFs/Influenza/9pscssicurrent	guideline	0.016700	the initial trauma. In such cases, Trauma = Yes. Weight: The patient’s most recent weight documented in the medical record in pounds (lbs.) or kilograms (kg) prior to or otherwise closest to the proce		
Q22	surgical site infection prophylaxis cefazolin timing within 60 minutes incision clean contaminated wound classification redosing interval	4	Clinical_practice_guidlines/CDC_Clinical_guidlines/CDC/PDFs/Influenza/hospital-core-elements-508__c32	Clinical_practice_guidlines/CDC_Clinical_guidlines/CDC/PDFs/Influenza/hospital-core-elements-508	guideline	0.016400	of Duration and Type of Surgical Prophylaxis With Antimicrobial-Associated Adverse Events. JAMA Surgery. 2019;154(7):590-8. 47. Branche AR, Walsh EE, Vargas R, Hulbert B, Formica MA, Baran A, et al. S		
Q22	surgical site infection prophylaxis cefazolin timing within 60 minutes incision clean contaminated wound classification redosing interval	5	Clinical_practice_guidlines/CDC_Clinical_guidlines/CDC/PDFs/Influenza/57.151_REHABFacSurv_BLANK__c17	Clinical_practice_guidlines/CDC_Clinical_guidlines/CDC/PDFs/Influenza/57.151_REHABFacSurv_BLANK	guideline	0.015900	monitored/measured Is checklist/bundle adherence shared routinely with the clinical team? □ Yes □ No □ Unknown □ None of the above Prevention Practices (continued) Form Approved OMB No. 0920-0666 Exp.		
Q22	surgical site infection prophylaxis cefazolin timing within 60 minutes incision clean contaminated wound classification redosing interval	6	Clinical_practice_guidlines/CDC_Clinical_guidlines/CDC/PDFs/Influenza/Guideline-NICU-Saureus-Appendix-508__c51	Clinical_practice_guidlines/CDC_Clinical_guidlines/CDC/PDFs/Influenza/Guideline-NICU-Saureus-Appendix-508	guideline	0.015700	Mupirocin: 323/783 (41%) • Mupirocin: 39/450 (8.7%) • p<0.001 • OR: 7.4 (95%CI: 5.1-10.76) No. of colonized w/ infection, n/N (%): • No Mupirocin: 84/783 (10.7%) • Mupirocin: 1/450 (0.22%) • p<0.001 •		
Q22	surgical site infection prophylaxis cefazolin timing within 60 minutes incision clean contaminated wound classification redosing interval	7	Clinical_practice_guidlines/CDC_Clinical_guidlines/CDC/PDFs/Influenza/Guideline-Healthcare-Associated-Pneumonia-H__c131	Clinical_practice_guidlines/CDC_Clinical_guidlines/CDC/PDFs/Influenza/Guideline-Healthcare-Associated-Pneumonia-H	guideline	0.015400	Decontamination of the Digestive Tract Trialists' Collaborative Group. Meta- analysis of randomised controlled trials of selective decontamination of the digestive tract. Br Med J 1993; 307:525-532. 1		
Q22	surgical site infection prophylaxis cefazolin timing within 60 minutes incision clean contaminated wound classification redosing interval	8	Medical_books/MedQA/textbooks/en/InternalMed_Harrison__c3552	Medical_books/MedQA/textbooks/en/InternalMed_Harrison	textbook	0.015385	of promoting the selection of the appropriate drug, dosage, route, and duration of antimicrobial therapy. Antimicrobial stewardship programs implement a variety of strategies to (1) improve patient ca		
Q22	surgical site infection prophylaxis cefazolin timing within 60 minutes incision clean contaminated wound classification redosing interval	9	Clinical_practice_guidlines/CDC_Clinical_guidlines/CDC/PDFs/Tuberculosis/rr5111__c4	Clinical_practice_guidlines/CDC_Clinical_guidlines/CDC/PDFs/Tuberculosis/rr5111	guideline	0.015200	one center); multiple time-series studies; dramatic results from uncontrolled studies; or some evidence from laboratory experiments III Evidence from opinions of respected authorities based on clinica		
Q22	surgical site infection prophylaxis cefazolin timing within 60 minutes incision clean contaminated wound classification redosing interval	10	Clinical_practice_guidlines/CDC_Clinical_guidlines/CDC/PDFs/Influenza/57.137-toi-annual-facility-survey__c9	Clinical_practice_guidlines/CDC_Clinical_guidlines/CDC/PDFs/Influenza/57.137-toi-annual-facility-survey	guideline	0.015000	and soft tissue infections); otherwise, select 'No'. Conditionally required. If ‘Yes’ to question 14, indicate if charts have been audited to confirm adherence to facility-specific treatment guideline		
Q23	preeclampsia with severe features magnesium sulfate seizure prophylaxis loading dose 4 gram blood pressure targets hydralazine labetalol delivery timing	1	Research_papers/PubMed/Abstracts/Hypertension/PMID_35066406__abs	Research_papers/PubMed/Abstracts/Hypertension/PMID_35066406	research_paper	0.175541	All units managing hypertensive pregnant women should maintain and review uniform departmental management protocols and conduct regular audits of maternal & fetal outcomes. The cause(s) of pre-eclamps		
Q23	preeclampsia with severe features magnesium sulfate seizure prophylaxis loading dose 4 gram blood pressure targets hydralazine labetalol delivery timing	2	Medical_books/MedQA/textbooks/en/Obstentrics_Williams__c1649	Medical_books/MedQA/textbooks/en/Obstentrics_Williams	textbook	0.016393	gestational hypertension. Obstet Gynecol 108:826,2006 Alexander ]M, Sarode R, McIntire DD, et al: Use of whole blood in the management of hypovolemia due to obstetric hemorrhage. Obstet Gynecol 113(6)		
Q23	preeclampsia with severe features magnesium sulfate seizure prophylaxis loading dose 4 gram blood pressure targets hydralazine labetalol delivery timing	3	Clinical_practice_guidlines/CDC_Clinical_guidlines/CDC/PDFs/Influenza/nvsr69-13-508__c208	Clinical_practice_guidlines/CDC_Clinical_guidlines/CDC/PDFs/Influenza/nvsr69-13-508	guideline	0.015400	. . . . . . . . . . . . . . . . . . . .(O05) 1 – – – – – 1 Other and unspecified pregnancy with abortive outcome . . . . . . . . . . . . . . . . . . (O01–O02,O06–O07) 2 – 2 – – – – Other direct obstet		
Q23	preeclampsia with severe features magnesium sulfate seizure prophylaxis loading dose 4 gram blood pressure targets hydralazine labetalol delivery timing	4	Medical_books/MedQA/textbooks/en/Neurology_Adams__c847	Medical_books/MedQA/textbooks/en/Neurology_Adams	textbook	0.014925	for its advantage in rapid seizure control, or levetiracetam. Exposure of the fetus late in gestation poses few teratogenic risks. If a woman discovers she is pregnant while on an antiepileptic drug, 		
Q23	preeclampsia with severe features magnesium sulfate seizure prophylaxis loading dose 4 gram blood pressure targets hydralazine labetalol delivery timing	5	Research_papers/PubMed/Abstracts/Deep_Vein_Thrombosis/PMID_33779986__abs	Research_papers/PubMed/Abstracts/Deep_Vein_Thrombosis/PMID_33779986	research_paper	0.014493	BACKGROUND: Venous thromboembolism (VTE), although rare, is a major cause of maternal mortality and morbidity. Some women are at increased risk of VTE during pregnancy and the early postnatal period (		
Q23	preeclampsia with severe features magnesium sulfate seizure prophylaxis loading dose 4 gram blood pressure targets hydralazine labetalol delivery timing	6	Clinical_practice_guidlines/CDC_Clinical_guidlines/CDC/PDFs/Tuberculosis/nvsr64_08__c30	Clinical_practice_guidlines/CDC_Clinical_guidlines/CDC/PDFs/Tuberculosis/nvsr64_08	guideline	0.014200	2013. 20. Balayla J, Azoulay L, Assayag J, Benjamin A, Abenhaim HA. Effect of maternal age on the risk of stillbirth: A population-based cohort study on 37 million births in the United States. Am J Pe		
Q23	preeclampsia with severe features magnesium sulfate seizure prophylaxis loading dose 4 gram blood pressure targets hydralazine labetalol delivery timing	7	Clinical_practice_guidlines/CDC_Clinical_guidlines/CDC/PDFs/Influenza/LINK01WK45__c15	Clinical_practice_guidlines/CDC_Clinical_guidlines/CDC/PDFs/Influenza/LINK01WK45	guideline	0.014000	8.7 1.9 1.0 0.9 6.8 129 25 9 16 104 4.1 0.8 * * 3.3 45 22 17 5 22 1.4 0.7 * * 0.7 103 13 5 8 90 3.2 * * * 2.8 96 51 31 20 45 3.0 1.6 1.0 0.6 1.4 72 41 23 17 31 2.3 1.3 0.7 * 1.0 24 10 7 3 14 0.8 * * *		
Q23	preeclampsia with severe features magnesium sulfate seizure prophylaxis loading dose 4 gram blood pressure targets hydralazine labetalol delivery timing	8	Clinical_practice_guidlines/CDC_Clinical_guidlines/CDC/JSON/Vaccines/yellow-book__hcp__family-travel__pregnant-travelers.html__c4	Clinical_practice_guidlines/CDC_Clinical_guidlines/CDC/JSON/Vaccines/yellow-book__hcp__family-travel__pregnant-travelers.html	guideline	0.013800	travel to the pregnant traveler or her fetus. Relative contraindications are conditions for which travel should be avoided if the potential harm from travel outweighs its benefits (Box 6.1.3).\nTravel		
Q23	preeclampsia with severe features magnesium sulfate seizure prophylaxis loading dose 4 gram blood pressure targets hydralazine labetalol delivery timing	9	Clinical_practice_guidlines/CDC_Clinical_guidlines/CDC/PDFs/Tuberculosis/sr01_062__c145	Clinical_practice_guidlines/CDC_Clinical_guidlines/CDC/PDFs/Tuberculosis/sr01_062	guideline	0.013600	– X Concurrent illnesses or conditions affecting the pregnancy – – – – – – – – – X – – Complications not related to pregnancy – – – – – – – – X – – – Complications of pregnancy – – – – – – – – – X – –		
Q23	preeclampsia with severe features magnesium sulfate seizure prophylaxis loading dose 4 gram blood pressure targets hydralazine labetalol delivery timing	10	Research_papers/PubMed/Abstracts/Hypokalemia/PMID_34278747__abs	Research_papers/PubMed/Abstracts/Hypokalemia/PMID_34278747	research_paper	0.013115	Magnesium (Mg) is commonly addressed as the "forgotten ion" in medicine. Nonetheless, hypomagnesemia should be suspected in clinical practice in patients with relevant symptomatology and also be consi		
Q24	ectopic pregnancy methotrexate candidate criteria ruptured tubal pregnancy hemodynamic instability discriminatory zone beta hcg ultrasound	1	Medical_books/MedQA/textbooks/en/Gynecology_Novak__c1014	Medical_books/MedQA/textbooks/en/Gynecology_Novak	textbook	0.016393	In this algorithm, transvaginal ultrasonography is used as follows: 1. The identification of an intrauterine gestational sac or pregnancy effectively excludes the presence of an extrauterine pregnancy		
Q24	ectopic pregnancy methotrexate candidate criteria ruptured tubal pregnancy hemodynamic instability discriminatory zone beta hcg ultrasound	2	Clinical_practice_guidlines/CDC_Clinical_guidlines/CDC/PDFs/Tuberculosis/ss6208__c35	Clinical_practice_guidlines/CDC_Clinical_guidlines/CDC/PDFs/Tuberculosis/ss6208	guideline	0.015400	Grimes DA, Hogue CJ. The risk of serious complications from induced abortion: do personal characteristics make a difference? Am J Obstet Gynecol 1985;153:14–20. 46. Bartlett LA, Berg CJ, Shulman HB, e		
Q24	ectopic pregnancy methotrexate candidate criteria ruptured tubal pregnancy hemodynamic instability discriminatory zone beta hcg ultrasound	3	Medical_books/MedQA/textbooks/en/Obstentrics_Williams__c843	Medical_books/MedQA/textbooks/en/Obstentrics_Williams	textbook	0.015385	Press F, Carpman M: Culdocentesis is an obsolete diagnostic tool in suspected ectopic pregnancy. Arch Gynecol Obstet 252:5, 1992 Godin PA, Bassil S, Donnez J: An ectopic pregnancy developing in a prev		
Q24	ectopic pregnancy methotrexate candidate criteria ruptured tubal pregnancy hemodynamic instability discriminatory zone beta hcg ultrasound	4	Clinical_practice_guidlines/CDC_Clinical_guidlines/CDC/PDFs/Tuberculosis/ss6001__c76	Clinical_practice_guidlines/CDC_Clinical_guidlines/CDC/PDFs/Tuberculosis/ss6001	guideline	0.014600	TABLE 24. Reported abortions, by known weeks of gestation and type of procedure — selected states,* United States, 2007 Type of procedure Weeks of gestation Total ≤8 9–13 14–15 16–17 18–20 ≥21 No. (%)		
Q24	ectopic pregnancy methotrexate candidate criteria ruptured tubal pregnancy hemodynamic instability discriminatory zone beta hcg ultrasound	5	Clinical_practice_guidlines/CDC_Clinical_guidlines/CDC/PDFs/Tuberculosis/ss4206__c111	Clinical_practice_guidlines/CDC_Clinical_guidlines/CDC/PDFs/Tuberculosis/ss4206	guideline	0.014400	Statistics. Annual summary of births, marriages, divorces, and deaths: United States, 1989. Hyattsville, MD: US Department of Health and Human Services, Public Health Service, CDC, 1990:38(no. 13, 23)		
Q24	ectopic pregnancy methotrexate candidate criteria ruptured tubal pregnancy hemodynamic instability discriminatory zone beta hcg ultrasound	6	Clinical_practice_guidlines/CDC_Clinical_guidlines/CDC/PDFs/Tuberculosis/ss5609__c36	Clinical_practice_guidlines/CDC_Clinical_guidlines/CDC/PDFs/Tuberculosis/ss5609	guideline	0.014200	Central of legal health Hospitals/ Year abortions Ratio* Rate† agency§ Facilities¶ All reporting areas 1970 193,491 52 5 8 7 1971 485,816 137 11 19 7 1972 586,760 180 13 21 8 1973 615,831 196 14 26 26		
Q24	ectopic pregnancy methotrexate candidate criteria ruptured tubal pregnancy hemodynamic instability discriminatory zone beta hcg ultrasound	7	Clinical_practice_guidlines/CDC_Clinical_guidlines/CDC/PDFs/Tuberculosis/ss5511__c57	Clinical_practice_guidlines/CDC_Clinical_guidlines/CDC/PDFs/Tuberculosis/ss5511	guideline	0.014000	known weeks of gestation, age group, race, and ethnicity of women who obtained an abortion — selected areas, United States, 2003 Weeks of gestation <8 9–10 11–12 13–15 16–20 >21 Total Characteristic N		
Q24	ectopic pregnancy methotrexate candidate criteria ruptured tubal pregnancy hemodynamic instability discriminatory zone beta hcg ultrasound	8	Clinical_practice_guidlines/CDC_Clinical_guidlines/CDC/PDFs/Tuberculosis/ss6108__c35	Clinical_practice_guidlines/CDC_Clinical_guidlines/CDC/PDFs/Tuberculosis/ss6108	guideline	0.013800	Pregnancy testing and management of early pregnancy. In: Hatcher RA, Trussell J, Nelson AL, Cates Jr. W, Stewart F, Kowal D, eds. Contraceptive technology. 19th ed, rev. New York, NY: Ardent Media; 20		
Q24	ectopic pregnancy methotrexate candidate criteria ruptured tubal pregnancy hemodynamic instability discriminatory zone beta hcg ultrasound	9	Clinical_practice_guidlines/CDC_Clinical_guidlines/CDC/PDFs/Tuberculosis/ss5407__c58	Clinical_practice_guidlines/CDC_Clinical_guidlines/CDC/PDFs/Tuberculosis/ss5407	guideline	0.013600	and ethnicity of women who obtained an abortion — selected states, United States, 2002 Weeks of gestation <8 9–10 11–12 13–15 16–20 >21 Total Characteristic No. (%) No. (%) No. (%) No. (%) No. (%) No.		
Q24	ectopic pregnancy methotrexate candidate criteria ruptured tubal pregnancy hemodynamic instability discriminatory zone beta hcg ultrasound	10	Clinical_practice_guidlines/CDC_Clinical_guidlines/CDC/PDFs/Tuberculosis/ss5713__c30	Clinical_practice_guidlines/CDC_Clinical_guidlines/CDC/PDFs/Tuberculosis/ss5713	guideline	0.013500	Characteristics of women who obtained legal abortions — United States, 1973–2005 Characteristics 1973 1974 1975 1976 1977 1978 1979 1980 1981 1982 1983 Reported no. of legal  abortions* 615,831 763,47		
Q25	sudden thunderclap headache subarachnoid hemorrhage non contrast CT sensitivity by day lumbar puncture xanthochromia bilirubin workup sequence	1	Research_papers/PubMed/Abstracts/Brain_Tumor/PMID_30926118__abs	Research_papers/PubMed/Abstracts/Brain_Tumor/PMID_30926118	research_paper	0.177661	Headaches are exceedingly common, but most individuals who seek medical attention with headache will not have a serious underlying etiology such as a brain tumor. Brain tumors are uncommon; however, m		
Q25	sudden thunderclap headache subarachnoid hemorrhage non contrast CT sensitivity by day lumbar puncture xanthochromia bilirubin workup sequence	2	Research_papers/PubMed/Abstracts/Malaria/PMID_35959375__abs	Research_papers/PubMed/Abstracts/Malaria/PMID_35959375	research_paper	0.177088	Cerebral malaria (CM) caused by		
Q25	sudden thunderclap headache subarachnoid hemorrhage non contrast CT sensitivity by day lumbar puncture xanthochromia bilirubin workup sequence	3	Medical_books/MedQA/textbooks/en/Pathoma_Husain__c150	Medical_books/MedQA/textbooks/en/Pathoma_Husain	textbook	0.015873	of the lenticulostriate vessels 1. Complication of hypertension; treatment of hypertension reduces incidence by half. 2. Basal ganglia is the most common site (Fig. 17.7). C. Presents as severe headac		
Q25	sudden thunderclap headache subarachnoid hemorrhage non contrast CT sensitivity by day lumbar puncture xanthochromia bilirubin workup sequence	4	Lab_rev_data/Consolidated_Lab_Critical_Values_Dataset_CLEANED__row1288	Lab_rev_data/Consolidated_Lab_Critical_Values_Dataset_CLEANED	lab_reference	0.015625	CSF Lactate (Blood Gas, Cerebro-Spinal Fluid): normal range 1.2–2.1 mmol/L; for 0 Years - 100 Years, Female. Panel: Lactate (CSF); effective 20/03/1996		
Q25	sudden thunderclap headache subarachnoid hemorrhage non contrast CT sensitivity by day lumbar puncture xanthochromia bilirubin workup sequence	5	Research_papers/PMC/XML/PMC11786524/article__c4	Research_papers/PMC/XML/PMC11786524/article	research_paper	0.015385	(all ages) 3,477,000 88 (78 to 97) 75 (66 to 82) 48% of all deaths from stroke are in women. DALYs Ages (all), sexes (both) 160,457,000 2033 (1873 to 2175) 1886 (1739 to 2018) Over 160 million years o		
Q25	sudden thunderclap headache subarachnoid hemorrhage non contrast CT sensitivity by day lumbar puncture xanthochromia bilirubin workup sequence	6	Research_papers/PMC/PDFs/PMC11844069/article__c30	Research_papers/PMC/PDFs/PMC11844069/article	research_paper	0.014925	after IS (OR for poor outcome per doubling of migraine odds: 1.22, 95% CI: 1.02–1.45) [92]. Furthermore, it seems that young patients with a history of migraine and stroke had a larger stroke volume (		
Q25	sudden thunderclap headache subarachnoid hemorrhage non contrast CT sensitivity by day lumbar puncture xanthochromia bilirubin workup sequence	7	Research_papers/PubMed/Abstracts/Stroke/PMID_40401775__abs	Research_papers/PubMed/Abstracts/Stroke/PMID_40401775	research_paper	0.014493	Spontaneous (non-traumatic) intracerebral haemorrhage (ICH) affects ~3.4 million people worldwide each year, causing ~2.8 million deaths. Many randomised controlled trials and high-quality observation		
Q25	sudden thunderclap headache subarachnoid hemorrhage non contrast CT sensitivity by day lumbar puncture xanthochromia bilirubin workup sequence	8	Medical_books/MedQA/textbooks/en/First_Aid_Step2__c202	Medical_books/MedQA/textbooks/en/First_Aid_Step2	textbook	0.013889	earlier marked by an abrupt-onset headache, often with nausea/vomiting, or transient diplopia that completely resolved in a matter of minutes to hours. Immediate head CT without contrast (see Figure 2		
Q25	sudden thunderclap headache subarachnoid hemorrhage non contrast CT sensitivity by day lumbar puncture xanthochromia bilirubin workup sequence	9	Drug_database/meddra_freq__row97146	Drug_database/meddra_freq	drug	0.013699	C0000737: C0042376; 21%: rare; 0.21: 0.0; 0.21.1: 0.001; LLT: PT; C0000737.1: C0042376; Abdominal pain: Vascular headache.		
Q25	sudden thunderclap headache subarachnoid hemorrhage non contrast CT sensitivity by day lumbar puncture xanthochromia bilirubin workup sequence	10	Research_papers/PubMed/Abstracts/Diabetes_Mellitus_Type_1/PMID_39493778__abs	Research_papers/PubMed/Abstracts/Diabetes_Mellitus_Type_1/PMID_39493778	research_paper	0.013115	Diabetes mellitus (DM) has emerged as an international health epidemic due to its rapid rise in prevalence. Consequently, scientists and or researchers will continue to find novel, safe, effective, an		
Q26	acute ischemic stroke alteplase thrombolysis 4.5 hour window door to needle goal exclusion checklist blood pressure 185 110 thrombectomy	1	Research_papers/PMC/PDFs/PMC9358302/article__c0	Research_papers/PMC/PDFs/PMC9358302/article	research_paper	0.178334	https://doi.org/10.1177/17474930221107500 International Journal of Stroke 2022, Vol. 17(7) 723­–732 © 2022 World Stroke Organization Article reuse guidelines: sagepub.com/journals-permissions DOI: 10.		
Q26	acute ischemic stroke alteplase thrombolysis 4.5 hour window door to needle goal exclusion checklist blood pressure 185 110 thrombectomy	2	Research_papers/PMC/XML/PMC8711586/article__abs	Research_papers/PMC/XML/PMC8711586/article	research_paper	0.177088	Stroke is the leading cause of disabilities and cognitive deficits, accounting for 5.2% of all mortalities worldwide. Transient or permanent occlusion of cerebral vessels leads to ischemic strokes, wh		
Q26	acute ischemic stroke alteplase thrombolysis 4.5 hour window door to needle goal exclusion checklist blood pressure 185 110 thrombectomy	3	Research_papers/PMC/XML/PMC4536764/article__c14	Research_papers/PMC/XML/PMC4536764/article	research_paper	0.015152	view, the greatest challenge is that, even with the best medical therapies, the recurrence rates of stroke are not zero, and one out of four patients who have had strokes in the USA has a recurrent ev		
Q26	acute ischemic stroke alteplase thrombolysis 4.5 hour window door to needle goal exclusion checklist blood pressure 185 110 thrombectomy	4	Research_papers/PMC/PDFs/PMC10673396/article__c5	Research_papers/PMC/PDFs/PMC10673396/article	research_paper	0.014925	greater sensitivity than CT; better detection of small lesions in comparison to CT. Slower than CT; higher cost; limited availability. MR angiography Locate source of thrombi or emboli; no contrast. F		
Q26	acute ischemic stroke alteplase thrombolysis 4.5 hour window door to needle goal exclusion checklist blood pressure 185 110 thrombectomy	5	Research_papers/PubMed/Abstracts/Stroke/PMID_40197996__abs	Research_papers/PubMed/Abstracts/Stroke/PMID_40197996	research_paper	0.014706	Stroke is the fifth most common cause of death in the United States, and projections suggest that its incidence will increase in the coming decade. Of all stroke cases, 85% are caused by vascular occl		
Q26	acute ischemic stroke alteplase thrombolysis 4.5 hour window door to needle goal exclusion checklist blood pressure 185 110 thrombectomy	6	Research_papers/PMC/PDFs/PMC9660017/article__c15	Research_papers/PMC/PDFs/PMC9660017/article	research_paper	0.014493	et al. Systematic review of sex differences in ischemic strokes among young adults: are young women disproportionately at risk? Stroke. 2022;53:319– 27. Important meta analysis of sex disparities in y		
Q26	acute ischemic stroke alteplase thrombolysis 4.5 hour window door to needle goal exclusion checklist blood pressure 185 110 thrombectomy	7	Clinical_practice_guidlines/CDC_Clinical_guidlines/CDC/PDFs/Tuberculosis/nvsr72-14__c94	Clinical_practice_guidlines/CDC_Clinical_guidlines/CDC/PDFs/Tuberculosis/nvsr72-14	guideline	0.014400	294.7 54,758 321.6 346.5 62,340 275.9 262.3 2008. . . . . . . . . . . . . . . . . . . . 121,223 312.6 310.4 56,809 342.6 367.9 64,414 290.2 274.7 2007. . . . . . . . . . . . . . . . . . . . 109,562  2		
Q26	acute ischemic stroke alteplase thrombolysis 4.5 hour window door to needle goal exclusion checklist blood pressure 185 110 thrombectomy	8	Medical_books/MedQA/textbooks/en/Neurology_Adams__c1965	Medical_books/MedQA/textbooks/en/Neurology_Adams	textbook	0.014286	forms of cerebral imaging have overtaken this traditional, careful clinical approach in order to shorten the time to diagnosis and allow for acute treatment of vascular occlusion. The severity of the 		
Q26	acute ischemic stroke alteplase thrombolysis 4.5 hour window door to needle goal exclusion checklist blood pressure 185 110 thrombectomy	9	Medical_books/MedQA/textbooks/en/Surgery_Schwartz__c4352	Medical_books/MedQA/textbooks/en/Surgery_Schwartz	textbook	0.013333	GG, Eliasziw M, Barr HW, et al. The North Amer-ican Symptomatic Carotid Endarterectomy Trial : surgical results in 1415 patients. Stroke. 1999;30(9):1751-1758. 55. Brott TG, Howard G, Roubin GS, et al		
Q26	acute ischemic stroke alteplase thrombolysis 4.5 hour window door to needle goal exclusion checklist blood pressure 185 110 thrombectomy	10	Medical_books/MedQA/textbooks/en/InternalMed_Harrison__c9136	Medical_books/MedQA/textbooks/en/InternalMed_Harrison	textbook	0.013158	endovascular thrombectomy device restored patency of occluded intracranial vessels within 8 h of ischemic stroke symptoms compared with a historical control group. Recanalization of the target vessel 		
Q27	hyponatremia differential diagnosis urine osmolality urine sodium hypovolemic euvolemic hypervolemic SIADH treatment hypertonic saline rate	1	Research_papers/PubMed/Abstracts/Hypernatremia/PMID_27156758__abs	Research_papers/PubMed/Abstracts/Hypernatremia/PMID_27156758	research_paper	0.177661	Hypernatremia is defined as a serum sodium level above 145 mmol/L. It is a frequently encountered electrolyte disturbance in the hospital setting, with an unappreciated high mortality. Understanding h		
Q27	hyponatremia differential diagnosis urine osmolality urine sodium hypovolemic euvolemic hypervolemic SIADH treatment hypertonic saline rate	2	Research_papers/PubMed/Abstracts/Metabolic_Alkalosis/PMID_32829662__abs	Research_papers/PubMed/Abstracts/Metabolic_Alkalosis/PMID_32829662	research_paper	0.177088	Diuretic resistance implies a failure to increase fluid and sodium (Na		
Q27	hyponatremia differential diagnosis urine osmolality urine sodium hypovolemic euvolemic hypervolemic SIADH treatment hypertonic saline rate	3	Lab_rev_data/Consolidated_Lab_Critical_Values_Dataset_CLEANED__row36	Lab_rev_data/Consolidated_Lab_Critical_Values_Dataset_CLEANED	lab_reference	0.015873	Sodium (Electrolytes): critical low ≤120 mmol/L; critical high ≥160 mmol/L.		
Q27	hyponatremia differential diagnosis urine osmolality urine sodium hypovolemic euvolemic hypervolemic SIADH treatment hypertonic saline rate	4	Research_papers/PubMed/Abstracts/Hypernatremia/PMID_32382841__abs	Research_papers/PubMed/Abstracts/Hypernatremia/PMID_32382841	research_paper	0.015625	Dysnatremia-either hyponatremia or hypernatremia-is frequently encountered in the clinical practice and often poses a diagnostic and therapeutic challenge for physicians. Despite their frequent occurr		
Q27	hyponatremia differential diagnosis urine osmolality urine sodium hypovolemic euvolemic hypervolemic SIADH treatment hypertonic saline rate	5	Research_papers/PubMed/Abstracts/Hypernatremia/PMID_36868726__abs	Research_papers/PubMed/Abstracts/Hypernatremia/PMID_36868726	research_paper	0.015385	Serum sodium disorders are generally a marker of water balance in the body. Thus, hypernatremia is most often caused by an overall deficit of total body water. Other unique circumstances may lead to e		
Q27	hyponatremia differential diagnosis urine osmolality urine sodium hypovolemic euvolemic hypervolemic SIADH treatment hypertonic saline rate	6	Research_papers/PubMed/Abstracts/Hypernatremia/PMID_35918296__abs	Research_papers/PubMed/Abstracts/Hypernatremia/PMID_35918296	research_paper	0.015152	Hypernatremia occurs when the plasma sodium concentration is greater than 145 mmol/L. Depending on the duration, hypernatremia can be differentiated into acute and chronic. According to severity: mild		
Q27	hyponatremia differential diagnosis urine osmolality urine sodium hypovolemic euvolemic hypervolemic SIADH treatment hypertonic saline rate	7	Research_papers/PMC/XML/PMC4744950/article__c0	Research_papers/PMC/XML/PMC4744950/article	research_paper	0.014925	Introduction 1 Hyponatraemia is the most commonly seen electrolyte disturbance both in hospital inpatients and in the community . There are numerous recognised causes of hyponatraemia, and extremes of		
Q27	hyponatremia differential diagnosis urine osmolality urine sodium hypovolemic euvolemic hypervolemic SIADH treatment hypertonic saline rate	8	Research_papers/PMC/XML/PMC11893709/article__c4	Research_papers/PMC/XML/PMC11893709/article	research_paper	0.014493	U.S. Expert Panel Recommendations state that “true” acute hyponatremia does not require an upper limit of Δserum [Na] [], although determining “true” symptomatic hyponatremia is sometimes difficult. T		
Q27	hyponatremia differential diagnosis urine osmolality urine sodium hypovolemic euvolemic hypervolemic SIADH treatment hypertonic saline rate	9	Research_papers/PMC/XML/PMC11828805/article__c0	Research_papers/PMC/XML/PMC11828805/article	research_paper	0.014085	Introduction 1 2 Hyponatremia is a water and electrolyte abnormality frequently observed in the general population [] that often is not appropriately diagnosed or effectively treated. Clinicians face 		
Q27	hyponatremia differential diagnosis urine osmolality urine sodium hypovolemic euvolemic hypervolemic SIADH treatment hypertonic saline rate	10	Medical_books/MedQA/textbooks/en/InternalMed_Harrison__c1071	Medical_books/MedQA/textbooks/en/InternalMed_Harrison	textbook	0.013889	the absolute plasma Na+ concentration tells one nothing about the volume status of a given patient, which furthermore must be taken into account in the diagnostic and therapeutic approach. Hyponatremi		
Q28	warfarin INR target mechanical mitral valve 3.0 bridging low molecular weight heparin perioperative CHADS2VASc hasbled bleeding risk monitoring	1	Research_papers/PubMed/Abstracts/Pulmonary_Embolism/PMID_34352278__abs	Research_papers/PubMed/Abstracts/Pulmonary_Embolism/PMID_34352278	research_paper	0.178334	BACKGROUND: This is the 2nd update to the 9th edition of these guidelines. We provide recommendations on 17 PICO (Population, Intervention, Comparator, Outcome) questions, four of which have not been 		
Q28	warfarin INR target mechanical mitral valve 3.0 bridging low molecular weight heparin perioperative CHADS2VASc hasbled bleeding risk monitoring	2	Research_papers/PubMed/Abstracts/Deep_Vein_Thrombosis/PMID_31340984__abs	Research_papers/PubMed/Abstracts/Deep_Vein_Thrombosis/PMID_31340984	research_paper	0.176399	OBJECTIVES: To determine the rate of a first recurrent venous thromboembolism (VTE) event after discontinuation of anticoagulant treatment in patients with a first episode of unprovoked VTE, and the c		
Q28	warfarin INR target mechanical mitral valve 3.0 bridging low molecular weight heparin perioperative CHADS2VASc hasbled bleeding risk monitoring	3	Lab_rev_data/Consolidated_Lab_Critical_Values_Dataset_CLEANED__row99	Lab_rev_data/Consolidated_Lab_Critical_Values_Dataset_CLEANED	lab_reference	0.016129	ADAMTS13 (Coagulation): critical low <10 %.		
Q28	warfarin INR target mechanical mitral valve 3.0 bridging low molecular weight heparin perioperative CHADS2VASc hasbled bleeding risk monitoring	4	Research_papers/PubMed/Abstracts/Pulmonary_Embolism/PMID_38823454__c1	Research_papers/PubMed/Abstracts/Pulmonary_Embolism/PMID_38823454	research_paper	0.015625	[ "anticoagulation", "atrial fibrillation", "liver cirrhosis", "portal vein", "venous thrombosis" ], "mesh_terms": [ "Humans", "Atrial Fibrillation", "Liver Cirrhosis", "Portal Vein", "Anticoagulants"		
Q28	warfarin INR target mechanical mitral valve 3.0 bridging low molecular weight heparin perioperative CHADS2VASc hasbled bleeding risk monitoring	5	Research_papers/PMC/XML/PMC7543932/article__c8	Research_papers/PMC/XML/PMC7543932/article	research_paper	0.014493	a concern for restricted thrombotic microangiopathy []. However, the mechanism through which the CIC remains restricted to certain organs is unknown. 5 Macrovascular thrombosis in COVID-19 [45] [46] [		
Q28	warfarin INR target mechanical mitral valve 3.0 bridging low molecular weight heparin perioperative CHADS2VASc hasbled bleeding risk monitoring	6	Research_papers/PubMed/Abstracts/Pulmonary_Embolism/PMID_35953217__abs	Research_papers/PubMed/Abstracts/Pulmonary_Embolism/PMID_35953217	research_paper	0.014286	Pulmonary embolism is a challenging pathology commonly faced by emergency physicians, and diagnosis and management remain a crucial skill set. Inherent to the challenge is the breadth of presentation,		
Q28	warfarin INR target mechanical mitral valve 3.0 bridging low molecular weight heparin perioperative CHADS2VASc hasbled bleeding risk monitoring	7	Research_papers/PMC/PDFs/PMC4715858/article__c47	Research_papers/PMC/PDFs/PMC4715858/article	research_paper	0.014085	123 of recurrent VTE compared with no treatment. Low intensity VKA therapy (INR 1.5–2) is associated with a 64 % reduction in the risk of recurrent VTE (95 % CI 23–83 %). Anticoagulation with VKA is a		
Q28	warfarin INR target mechanical mitral valve 3.0 bridging low molecular weight heparin perioperative CHADS2VASc hasbled bleeding risk monitoring	8	Clinical_practice_guidlines/CDC_Clinical_guidlines/CDC/PDFs/Influenza/2017-cdc-drug-surveillance-report__c56	Clinical_practice_guidlines/CDC_Clinical_guidlines/CDC/PDFs/Influenza/2017-cdc-drug-surveillance-report	guideline	0.014000	41		
Q28	warfarin INR target mechanical mitral valve 3.0 bridging low molecular weight heparin perioperative CHADS2VASc hasbled bleeding risk monitoring	9	Medical_books/MedQA/textbooks/en/Gynecology_Novak__c1161	Medical_books/MedQA/textbooks/en/Gynecology_Novak	textbook	0.013699	The APTT should be measured every 6 h and the heparin dose adjusted as follows: APTT <35 seconds (<1.2 × control) 80-U/kg bolus, then 4 U/kg/h APTT 35–45 seconds (1.2–1.5 × control) 40-U/kg bolus, the		
Q28	warfarin INR target mechanical mitral valve 3.0 bridging low molecular weight heparin perioperative CHADS2VASc hasbled bleeding risk monitoring	10	Medical_books/MedQA/textbooks/en/Surgery_Schwartz__c2368	Medical_books/MedQA/textbooks/en/Surgery_Schwartz	textbook	0.013514	Ultrasound. 1988;16:1-8. 23. Mussurakis S, Papaioannou S, Voros D, et al. Compression ultrasonography as a reliable imaging monitor in deep venous thrombosis. Surg Gynecol Obstet. 1990;171:233-239. 24		
Q29	febrile seizure simple versus complex classification lumbar puncture indications under 12 months workup guidelines parental counseling recurrence	1	Research_papers/PubMed/Abstracts/Epilepsy/PMID_34215386__abs	Research_papers/PubMed/Abstracts/Epilepsy/PMID_34215386	research_paper	0.178334	Epilepsy can now be diagnosed even in the presence of one unprovoked seizure or if the diagnosis of an epilepsy syndrome can be made. Epilepsy syndromes represent a specific set of seizure types and e		
Q29	febrile seizure simple versus complex classification lumbar puncture indications under 12 months workup guidelines parental counseling recurrence	2	Research_papers/PubMed/Abstracts/Malaria/PMID_35959375__abs	Research_papers/PubMed/Abstracts/Malaria/PMID_35959375	research_paper	0.177723	Cerebral malaria (CM) caused by		
Q29	febrile seizure simple versus complex classification lumbar puncture indications under 12 months workup guidelines parental counseling recurrence	3	Clinical_practice_guidlines/CDC_Clinical_guidlines/CDC/PDFs/Vaccines/rr5903__c28	Clinical_practice_guidlines/CDC_Clinical_guidlines/CDC/PDFs/Vaccines/rr5903	guideline	0.016400	Presented at the meeting of the Advisory Committee on Immunization Practices; February 26, 2009; Atlanta, Georgia. Available at http://www.cdc. gov/vaccines/recs/ACIP/downloads/mtg-slides-feb09/16-3-m		
Q29	febrile seizure simple versus complex classification lumbar puncture indications under 12 months workup guidelines parental counseling recurrence	4	Clinical_practice_guidlines/CDC_Clinical_guidlines/CDC/JSON/Vaccines/mmwr__preview__mmwrhtml__rr5903a1.htm__c26	Clinical_practice_guidlines/CDC_Clinical_guidlines/CDC/JSON/Vaccines/mmwr__preview__mmwrhtml__rr5903a1.htm	guideline	0.016200	with the parents or caregivers. Unless the parent or caregiver expresses a preference for MMRV vaccine, CDC recommends that MMR vaccine and varicella vaccine should be administered for the first dose 		
Q29	febrile seizure simple versus complex classification lumbar puncture indications under 12 months workup guidelines parental counseling recurrence	5	Lab_rev_data/Consolidated_Lab_Critical_Values_Dataset_CLEANED__row1289	Lab_rev_data/Consolidated_Lab_Critical_Values_Dataset_CLEANED	lab_reference	0.015873	CSF Lactate (Blood Gas, Cerebro-Spinal Fluid): normal range 1.2–2.1 mmol/L; for 0 Years - 100 Years, Male. Panel: Lactate (CSF); effective 20/03/1996		
Q29	febrile seizure simple versus complex classification lumbar puncture indications under 12 months workup guidelines parental counseling recurrence	6	Clinical_practice_guidlines/Who_IRIS/B09514-eng__c745	Clinical_practice_guidlines/Who_IRIS/B09514-eng	guideline	0.015700	[178]. The RTS,S + SMC combined group had 624 clinical malaria cases over 5508.0 total PYAR for an incidence rate of 113 cases (95% CI: 104.7 to 122.5) per 1000 PYAR. The SMC alone group has 1,661 cas		
Q29	febrile seizure simple versus complex classification lumbar puncture indications under 12 months workup guidelines parental counseling recurrence	7	Clinical_practice_guidlines/CDC_Clinical_guidlines/CDC/JSON/Tuberculosis/mmwr__preview__mmwrhtml__00046738.htm__c33	Clinical_practice_guidlines/CDC_Clinical_guidlines/CDC/JSON/Tuberculosis/mmwr__preview__mmwrhtml__00046738.htm	guideline	0.015400	further observation and study have clarified the child's neurologic status and the effect of treatment. The decision as to whether to begin vaccination with DTP or DT should be made no later than the 		
Q29	febrile seizure simple versus complex classification lumbar puncture indications under 12 months workup guidelines parental counseling recurrence	8	Clinical_practice_guidlines/CDC_Clinical_guidlines/CDC/PDFs/Tuberculosis/mm6822-H__c41	Clinical_practice_guidlines/CDC_Clinical_guidlines/CDC/PDFs/Tuberculosis/mm6822-H	guideline	0.015200	classification Suspected* 44,586 11,980 5,947 19,147 21,087 36,223 Laboratory-confirmed 8,749 1,409 386 2,703 6,963 4,172 Epidemiologically linked† 0 0 0 0 0 3,366 Clinically compatible§ 32,174 9,018 		
Q29	febrile seizure simple versus complex classification lumbar puncture indications under 12 months workup guidelines parental counseling recurrence	9	Clinical_practice_guidlines/CDC_Clinical_guidlines/CDC/JSON/Vaccines/mmwr__volumes__71__wr__mm7137a3.htm__c14	Clinical_practice_guidlines/CDC_Clinical_guidlines/CDC/JSON/Vaccines/mmwr__volumes__71__wr__mm7137a3.htm	guideline	0.014600	risk condition should receive 2 doses of PCV (either PCV13 or PCV15) with an interval of ≥8 weeks between doses. Routine use of PCV is not recommended for healthy children aged ≥5 years who have not y		
Q29	febrile seizure simple versus complex classification lumbar puncture indications under 12 months workup guidelines parental counseling recurrence	10	Clinical_practice_guidlines/CDC_Clinical_guidlines/CDC/PDFs/Vaccines/rr7205a1-H__c35	Clinical_practice_guidlines/CDC_Clinical_guidlines/CDC/PDFs/Vaccines/rr7205a1-H	guideline	0.014400	Prevention (224,247). Caregivers of study participants filled in study diaries to document solicited local and systemic reactions for 4 days after each vaccine dose. Among 2,417 children or adolescent		
Q30	serotonin syndrome clonus hyperthermia tramadol SSRI interaction cyproheptadine benzodiazepine management severity criteria hunter	1	Research_papers/PubMed/Abstracts/Epilepsy/PMID_34215386__abs	Research_papers/PubMed/Abstracts/Epilepsy/PMID_34215386	research_paper	0.175774	Epilepsy can now be diagnosed even in the presence of one unprovoked seizure or if the diagnosis of an epilepsy syndrome can be made. Epilepsy syndromes represent a specific set of seizure types and e		
Q30	serotonin syndrome clonus hyperthermia tramadol SSRI interaction cyproheptadine benzodiazepine management severity criteria hunter	2	Lab_rev_data/Consolidated_Lab_Critical_Values_Dataset_CLEANED__row129	Lab_rev_data/Consolidated_Lab_Critical_Values_Dataset_CLEANED	lab_reference	0.016393	Amitriptyline (Toxicology, Serum/Blood): critical high >500 ng/mL.		
Q30	serotonin syndrome clonus hyperthermia tramadol SSRI interaction cyproheptadine benzodiazepine management severity criteria hunter	3	Clinical_practice_guidlines/CDC_Clinical_guidlines/CDC/PDFs/Tuberculosis/rr5904__c34	Clinical_practice_guidlines/CDC_Clinical_guidlines/CDC/PDFs/Tuberculosis/rr5904	guideline	0.015200	either decrease or increase the bioavailability of steroid hormones in hormonal contraceptives. Limited data (summarized in Appendix M) suggest potential drug interactions between many ARV drugs (part		
Q30	serotonin syndrome clonus hyperthermia tramadol SSRI interaction cyproheptadine benzodiazepine management severity criteria hunter	4	Medical_books/MedQA/textbooks/en/Pharmacology_Katzung__c810	Medical_books/MedQA/textbooks/en/Pharmacology_Katzung	textbook	0.014925	focal seizures; cenobamate (YKP3089), for focal seizures; fenfluramine, for Dravet’s syndrome; and stiripentol, for Dravet’s syndrome. Other drugs are in earlier stages of development; current informa		
Q30	serotonin syndrome clonus hyperthermia tramadol SSRI interaction cyproheptadine benzodiazepine management severity criteria hunter	5	Clinical_practice_guidlines/CDC_Clinical_guidlines/CDC/JSON/Tuberculosis/mmwr__preview__mmwrhtml__rr5211a1.htm__c330	Clinical_practice_guidlines/CDC_Clinical_guidlines/CDC/JSON/Tuberculosis/mmwr__preview__mmwrhtml__rr5211a1.htm	guideline	0.014800	H, Fuller WC. Quetiapine: a new atypical antipsychotic. S D J Med 1998;51:189--193.\nOchs HR, Greenblatt DJ, Roberts GM, Dengler HJ. Diazepam interaction with antituberculosis drugs. Clin Pharmacol Th		
Q30	serotonin syndrome clonus hyperthermia tramadol SSRI interaction cyproheptadine benzodiazepine management severity criteria hunter	6	Research_papers/PMC/PDFs/PMC12013068/article__c0	Research_papers/PMC/PDFs/PMC12013068/article	research_paper	0.014706	REVIEW Open Access © The Author(s) 2025. Open Access  This article is licensed under a Creative Commons Attribution 4.0 International License, which permits use,  sharing, adaptation, distribution and		
Q30	serotonin syndrome clonus hyperthermia tramadol SSRI interaction cyproheptadine benzodiazepine management severity criteria hunter	7	Research_papers/PMC/PDFs/PMC8761033/article__c1	Research_papers/PMC/PDFs/PMC8761033/article	research_paper	0.014286	disease. Central adrenal insufficiency (CAI) is caused by an impaired production or release of adrenocorticotropic hormone (ACTH). It can originate either from a pituitary dis­ ease (secondary adrenal		
Q30	serotonin syndrome clonus hyperthermia tramadol SSRI interaction cyproheptadine benzodiazepine management severity criteria hunter	8	Medical_books/MedQA/textbooks/en/First_Aid_Step1__c200	Medical_books/MedQA/textbooks/en/First_Aid_Step1	textbook	0.013889	is supportive (assist respiration and maintain BP). Contraindicated in porphyria. Benzodiazepines Diazepam, lorazepam, triazolam, temazepam, oxazepam, midazolam, chlordiazepoxide, alprazolam. meChAnis		
Q30	serotonin syndrome clonus hyperthermia tramadol SSRI interaction cyproheptadine benzodiazepine management severity criteria hunter	9	Research_papers/PubMed/Abstracts/Autism_Spectrum_Disorder/PMID_37039129__c1	Research_papers/PubMed/Abstracts/Autism_Spectrum_Disorder/PMID_37039129	research_paper	0.013699	[ "Catatonia", "benzodiazepine", "catatonic schizophrenia", "electroconvulsive therapy", "guideline", "neuroleptic malignant syndrome", "treatment" ], "mesh_terms": [ "Adolescent", "Aged", "Child", "F		
Q30	serotonin syndrome clonus hyperthermia tramadol SSRI interaction cyproheptadine benzodiazepine management severity criteria hunter	10	Clinical_practice_guidlines/CDC_Clinical_guidlines/CDC/PDFs/Influenza/AskMe-Stickers-P__c0	Clinical_practice_guidlines/CDC_Clinical_guidlines/CDC/PDFs/Influenza/AskMe-Stickers-P	guideline	0.013500	                                                                                                             		
